[
{
  "model": "schedules.sector",
  "pk": 1,
  "fields": {
    "name": "Operacoes",
    "description": "Escalas e atividades operacionais",
    "is_active": true
  }
},
{
  "model": "schedules.sector",
  "pk": 2,
  "fields": {
    "name": "Atendimento",
    "description": "Servicos e compromissos com clientes",
    "is_active": true
  }
},
{
  "model": "schedules.sector",
  "pk": 3,
  "fields": {
    "name": "Campo",
    "description": "Equipes externas",
    "is_active": true
  }
},
{
  "model": "schedules.sector",
  "pk": 4,
  "fields": {
    "name": "Educacao",
    "description": "Equipe para vinculo de usuarios",
    "is_active": true
  }
},
{
  "model": "schedules.sector",
  "pk": 5,
  "fields": {
    "name": "Alfa",
    "description": "Equipe para vinculo de usuarios",
    "is_active": true
  }
},
{
  "model": "schedules.sector",
  "pk": 6,
  "fields": {
    "name": "Bravo",
    "description": "Equipe para vinculo de usuarios",
    "is_active": true
  }
},
{
  "model": "schedules.sector",
  "pk": 7,
  "fields": {
    "name": "Charlie",
    "description": "Equipe para vinculo de usuarios",
    "is_active": true
  }
},
{
  "model": "schedules.sector",
  "pk": 8,
  "fields": {
    "name": "Delta",
    "description": "Equipe para vinculo de usuarios",
    "is_active": true
  }
},
{
  "model": "schedules.sector",
  "pk": 9,
  "fields": {
    "name": "Echo",
    "description": "Equipe para vinculo de usuarios",
    "is_active": true
  }
},
{
  "model": "schedules.sector",
  "pk": 10,
  "fields": {
    "name": "Foxtrot",
    "description": "Equipe para vinculo de usuarios",
    "is_active": true
  }
},
{
  "model": "schedules.sector",
  "pk": 11,
  "fields": {
    "name": "Golf",
    "description": "Equipe para vinculo de usuarios",
    "is_active": true
  }
},
{
  "model": "schedules.sector",
  "pk": 12,
  "fields": {
    "name": "Hotel",
    "description": "Equipe para vinculo de usuarios",
    "is_active": true
  }
},
{
  "model": "schedules.sector",
  "pk": 13,
  "fields": {
    "name": "ascon",
    "description": "",
    "is_active": true
  }
},
{
  "model": "schedules.sector",
  "pk": 14,
  "fields": {
    "name": "Solicitações internas",
    "description": "Solicitações cadastradas internamente pela equipe",
    "is_active": true
  }
},
{
  "model": "schedules.sector",
  "pk": 15,
  "fields": {
    "name": "Operações",
    "description": "Escalas e atividades operacionais",
    "is_active": true
  }
},
{
  "model": "schedules.vehicle",
  "pk": 6,
  "fields": {
    "source_id": "",
    "name": "Van – TEC0I38",
    "is_active": true
  }
},
{
  "model": "schedules.vehicle",
  "pk": 7,
  "fields": {
    "source_id": "",
    "name": "Van – TEC0I37",
    "is_active": true
  }
},
{
  "model": "schedules.vehicle",
  "pk": 8,
  "fields": {
    "source_id": "",
    "name": "Ônix – TUC2D95",
    "is_active": true
  }
},
{
  "model": "schedules.vehicle",
  "pk": 9,
  "fields": {
    "source_id": "",
    "name": "Ônix – TTQ5J61",
    "is_active": true
  }
},
{
  "model": "schedules.vehicle",
  "pk": 10,
  "fields": {
    "source_id": "",
    "name": "Fiorino – RJO3D88",
    "is_active": true
  }
},
{
  "model": "schedules.team",
  "pk": 1,
  "fields": {
    "source_id": "",
    "name": "Alfa",
    "is_active": true
  }
},
{
  "model": "schedules.team",
  "pk": 2,
  "fields": {
    "source_id": "",
    "name": "Bravo",
    "is_active": true
  }
},
{
  "model": "schedules.team",
  "pk": 3,
  "fields": {
    "source_id": "",
    "name": "Charlie",
    "is_active": true
  }
},
{
  "model": "schedules.team",
  "pk": 4,
  "fields": {
    "source_id": "",
    "name": "Delta",
    "is_active": true
  }
},
{
  "model": "schedules.team",
  "pk": 5,
  "fields": {
    "source_id": "",
    "name": "Echo",
    "is_active": true
  }
},
{
  "model": "schedules.team",
  "pk": 7,
  "fields": {
    "source_id": "",
    "name": "Golf",
    "is_active": true
  }
},
{
  "model": "schedules.team",
  "pk": 8,
  "fields": {
    "source_id": "",
    "name": "Hotel",
    "is_active": true
  }
},
{
  "model": "schedules.team",
  "pk": 9,
  "fields": {
    "source_id": "",
    "name": "Fox",
    "is_active": true
  }
},
{
  "model": "schedules.team",
  "pk": 10,
  "fields": {
    "source_id": "807f3560",
    "name": "AGENDAMENTO",
    "is_active": false
  }
},
{
  "model": "schedules.team",
  "pk": 11,
  "fields": {
    "source_id": "",
    "name": "ALFA",
    "is_active": true
  }
},
{
  "model": "schedules.team",
  "pk": 12,
  "fields": {
    "source_id": "",
    "name": "BRAVO",
    "is_active": true
  }
},
{
  "model": "schedules.team",
  "pk": 13,
  "fields": {
    "source_id": "",
    "name": "CHARLIE",
    "is_active": true
  }
},
{
  "model": "schedules.team",
  "pk": 14,
  "fields": {
    "source_id": "",
    "name": "DELTA",
    "is_active": true
  }
},
{
  "model": "schedules.team",
  "pk": 15,
  "fields": {
    "source_id": "",
    "name": "ECHO",
    "is_active": true
  }
},
{
  "model": "schedules.team",
  "pk": 16,
  "fields": {
    "source_id": "A9",
    "name": "EXTRA",
    "is_active": false
  }
},
{
  "model": "schedules.team",
  "pk": 17,
  "fields": {
    "source_id": "e9a1a769",
    "name": "FÁRIAS SETEMBRO",
    "is_active": false
  }
},
{
  "model": "schedules.team",
  "pk": 18,
  "fields": {
    "source_id": "06ee7990",
    "name": "FÉRIAS ABRIL",
    "is_active": false
  }
},
{
  "model": "schedules.team",
  "pk": 19,
  "fields": {
    "source_id": "d3255853",
    "name": "FÉRIAS AGOSTO",
    "is_active": false
  }
},
{
  "model": "schedules.team",
  "pk": 20,
  "fields": {
    "source_id": "bc8c150d",
    "name": "FÉRIAS DEZEMBRO",
    "is_active": false
  }
},
{
  "model": "schedules.team",
  "pk": 21,
  "fields": {
    "source_id": "8d0dd8c7",
    "name": "FÉRIAS FEVEREIRO",
    "is_active": false
  }
},
{
  "model": "schedules.team",
  "pk": 22,
  "fields": {
    "source_id": "72e5df69",
    "name": "FÉRIAS JANEIRO",
    "is_active": false
  }
},
{
  "model": "schedules.team",
  "pk": 23,
  "fields": {
    "source_id": "47d0bf42",
    "name": "FÉRIAS JULHO",
    "is_active": false
  }
},
{
  "model": "schedules.team",
  "pk": 24,
  "fields": {
    "source_id": "2ce25f66",
    "name": "FÉRIAS JUNHO",
    "is_active": false
  }
},
{
  "model": "schedules.team",
  "pk": 25,
  "fields": {
    "source_id": "ad99eed8",
    "name": "FÉRIAS MAIO",
    "is_active": false
  }
},
{
  "model": "schedules.team",
  "pk": 26,
  "fields": {
    "source_id": "1e976c0d",
    "name": "FÉRIAS MARÇO",
    "is_active": false
  }
},
{
  "model": "schedules.team",
  "pk": 27,
  "fields": {
    "source_id": "397c9e0f",
    "name": "FÉRIAS NOVEMBRO",
    "is_active": false
  }
},
{
  "model": "schedules.team",
  "pk": 28,
  "fields": {
    "source_id": "d9f68ff2",
    "name": "FÉRIAS OUTUBRO",
    "is_active": false
  }
},
{
  "model": "schedules.team",
  "pk": 29,
  "fields": {
    "source_id": "e2e0c860",
    "name": "FOLGA",
    "is_active": false
  }
},
{
  "model": "schedules.team",
  "pk": 30,
  "fields": {
    "source_id": "",
    "name": "FOX",
    "is_active": true
  }
},
{
  "model": "schedules.team",
  "pk": 31,
  "fields": {
    "source_id": "",
    "name": "GOLF",
    "is_active": true
  }
},
{
  "model": "schedules.team",
  "pk": 32,
  "fields": {
    "source_id": "e0629d6d",
    "name": "GRAVAÇÃO - ASCOM",
    "is_active": false
  }
},
{
  "model": "schedules.team",
  "pk": 33,
  "fields": {
    "source_id": "",
    "name": "HOTEL",
    "is_active": true
  }
},
{
  "model": "schedules.team",
  "pk": 34,
  "fields": {
    "source_id": "e4e65fea",
    "name": "MAIO AMARELO - PARCERIAS",
    "is_active": false
  }
},
{
  "model": "schedules.team",
  "pk": 35,
  "fields": {
    "source_id": "268d33c3",
    "name": "SEMANA NACIONAL DE TRÂNSITO",
    "is_active": false
  }
},
{
  "model": "schedules.team",
  "pk": 36,
  "fields": {
    "source_id": "80c77583",
    "name": "TODAS AS EQUIPES",
    "is_active": false
  }
},
{
  "model": "schedules.support",
  "pk": 1,
  "fields": {
    "source_id": "education-staff:support:BRAVO:ALEXANDRE PEREIRA SANTIAGO",
    "name": "ALEXANDRE PEREIRA SANTIAGO",
    "is_active": true,
    "cpf": null,
    "team": 12,
    "role": "AGENTE APOIO",
    "address": "CORDOVIL"
  }
},
{
  "model": "schedules.support",
  "pk": 2,
  "fields": {
    "source_id": "education-staff:support:DELTA:ANA BEATRIZ NAVARRO DE ANDRADE AMARAL",
    "name": "ANA BEATRIZ NAVARRO DE ANDRADE AMARAL",
    "is_active": true,
    "cpf": null,
    "team": 14,
    "role": "AGENTE APOIO",
    "address": "CACHAMBI"
  }
},
{
  "model": "schedules.support",
  "pk": 3,
  "fields": {
    "source_id": "education-staff:support:GOLF:ANTONIO CARLOS DA SILVA PITTA",
    "name": "ANTÔNIO CARLOS DA SILVA PITTA",
    "is_active": true,
    "cpf": null,
    "team": 31,
    "role": "AGENTE APOIO",
    "address": "BONSUCESSO"
  }
},
{
  "model": "schedules.support",
  "pk": 4,
  "fields": {
    "source_id": "education-staff:support:HOTEL:FERNANDA BUSTILHO",
    "name": "FERNANDA BUSTILHO",
    "is_active": true,
    "cpf": null,
    "team": 33,
    "role": "AGENTE APOIO",
    "address": "QUEIMADOS"
  }
},
{
  "model": "schedules.support",
  "pk": 5,
  "fields": {
    "source_id": "education-staff:support:FOX:FLAVIO LUIZ DA SILVA SIQUEIRA",
    "name": "FLAVIO LUIZ DA SILVA SIQUEIRA",
    "is_active": true,
    "cpf": null,
    "team": 30,
    "role": "AGENTE APOIO",
    "address": "PENHA"
  }
},
{
  "model": "schedules.support",
  "pk": 6,
  "fields": {
    "source_id": "education-staff:support:DELTA:GILSIMAR VIEIRA DA FONSECA",
    "name": "GILSIMAR VIEIRA DA FONSECA",
    "is_active": true,
    "cpf": null,
    "team": 14,
    "role": "AGENTE APOIO",
    "address": "BANGU"
  }
},
{
  "model": "schedules.support",
  "pk": 7,
  "fields": {
    "source_id": "education-staff:support:CHARLIE:HELIO JORGE BARBOSA DA SILVA",
    "name": "HELIO JORGE BARBOSA DA SILVA",
    "is_active": true,
    "cpf": null,
    "team": 13,
    "role": "AGENTE APOIO",
    "address": "VILA ISABEL"
  }
},
{
  "model": "schedules.support",
  "pk": 8,
  "fields": {
    "source_id": "education-staff:support:ALFA:MARCELO SANTOS DA SILVA",
    "name": "MARCELO SANTOS DA SILVA",
    "is_active": true,
    "cpf": null,
    "team": 11,
    "role": "AGENTE APOIO",
    "address": "SANTÍSSIMO"
  }
},
{
  "model": "schedules.support",
  "pk": 9,
  "fields": {
    "source_id": "education-staff:support:ECHO:MARCOS PIQUET DE MEDEIROS",
    "name": "MARCOS PIQUET DE MEDEIROS",
    "is_active": true,
    "cpf": null,
    "team": 15,
    "role": "AGENTE APOIO",
    "address": "NITERÓI"
  }
},
{
  "model": "schedules.support",
  "pk": 10,
  "fields": {
    "source_id": "education-staff:support:HOTEL:RAFAEL GALVAO MOTTA",
    "name": "RAFAEL GALVÃO MOTTA",
    "is_active": true,
    "cpf": null,
    "team": 33,
    "role": "AGENTE APOIO",
    "address": "ITANHAGÁ"
  }
},
{
  "model": "schedules.support",
  "pk": 11,
  "fields": {
    "source_id": "education-staff:support:BRAVO:RONALDO DA CONCEICAO FERREIRA LIMA",
    "name": "RONALDO DA CONCEIÇÃO FERREIRA LIMA",
    "is_active": true,
    "cpf": null,
    "team": 12,
    "role": "AGENTE APOIO",
    "address": "JACAREPAGUÁ"
  }
},
{
  "model": "schedules.agent",
  "pk": 1,
  "fields": {
    "source_id": "education-staff:agent:BRAVO:ALESSANDRO LUIZ ALLEN LACOLLA MONTANO",
    "name": "ALESSANDRO LUIZ ALLEN LACOLLA MONTANO",
    "is_active": true,
    "cpf": null,
    "team": 12,
    "role": "AGENTE",
    "address": "BARRA DA TIJUCA"
  }
},
{
  "model": "schedules.agent",
  "pk": 2,
  "fields": {
    "source_id": "education-staff:agent:FOX:BRUNO ROBERTO FLORIDO DUTRA",
    "name": "BRUNO ROBERTO FLORIDO DUTRA",
    "is_active": true,
    "cpf": null,
    "team": 30,
    "role": "AGENTE",
    "address": "NITERÓI"
  }
},
{
  "model": "schedules.agent",
  "pk": 3,
  "fields": {
    "source_id": "education-staff:agent:ALFA:CLAUDIO ROMULO DE ARAUJO PINTO",
    "name": "CLAUDIO ROMULO DE ARAUJO PINTO",
    "is_active": true,
    "cpf": null,
    "team": 11,
    "role": "AGENTE",
    "address": "NOVA IGUAÇU"
  }
},
{
  "model": "schedules.agent",
  "pk": 4,
  "fields": {
    "source_id": "education-staff:agent:CHARLIE:DANIELE FERNANDES DA COSTA",
    "name": "DANIELE FERNANDES DA COSTA",
    "is_active": true,
    "cpf": null,
    "team": 13,
    "role": "AGENTE",
    "address": "IRAJÁ"
  }
},
{
  "model": "schedules.agent",
  "pk": 5,
  "fields": {
    "source_id": "education-staff:agent:ECHO:DIOGO DE FARIAS GONCALVES",
    "name": "DIOGO DE FARIAS GONÇALVES",
    "is_active": true,
    "cpf": null,
    "team": 15,
    "role": "AGENTE",
    "address": "SÃO GONÇALO"
  }
},
{
  "model": "schedules.agent",
  "pk": 6,
  "fields": {
    "source_id": "education-staff:agent:BRAVO:DOUGLAS JUNIOR LISBOA MAZZONI",
    "name": "DOUGLAS JUNIOR LISBOA MAZZONI",
    "is_active": true,
    "cpf": null,
    "team": 12,
    "role": "AGENTE",
    "address": "DUQUE DE CAXIAS"
  }
},
{
  "model": "schedules.agent",
  "pk": 7,
  "fields": {
    "source_id": "education-staff:agent:ALFA:ELAINE CRISTINA CORDEIRO DUTRA",
    "name": "ELAINE CRISTINA CORDEIRO DUTRA",
    "is_active": true,
    "cpf": null,
    "team": 11,
    "role": "AGENTE",
    "address": "NOVA IGUAÇU"
  }
},
{
  "model": "schedules.agent",
  "pk": 8,
  "fields": {
    "source_id": "education-staff:agent:FOX:ELOI MANDARINO",
    "name": "ELOI MANDARINO",
    "is_active": true,
    "cpf": null,
    "team": 30,
    "role": "AGENTE",
    "address": "MARICÁ"
  }
},
{
  "model": "schedules.agent",
  "pk": 9,
  "fields": {
    "source_id": "education-staff:agent:HOTEL:FERNANDA CARLOS DA SILVA",
    "name": "FERNANDA CARLOS DA SILVA",
    "is_active": true,
    "cpf": null,
    "team": 33,
    "role": "AGENTE",
    "address": "ANCHIETA"
  }
},
{
  "model": "schedules.agent",
  "pk": 10,
  "fields": {
    "source_id": "education-staff:agent:DELTA:IRAPUA DA CUNHA MAGALHAES",
    "name": "IRAPUÃ DA CUNHA MAGALHÃES",
    "is_active": true,
    "cpf": null,
    "team": 14,
    "role": "AGENTE",
    "address": "BOTAFOGO"
  }
},
{
  "model": "schedules.agent",
  "pk": 11,
  "fields": {
    "source_id": "education-staff:agent:ALFA:JADIR ANTUNES",
    "name": "JADIR ANTUNES",
    "is_active": true,
    "cpf": null,
    "team": 11,
    "role": "AGENTE",
    "address": "NOVA IGUAÇU"
  }
},
{
  "model": "schedules.agent",
  "pk": 12,
  "fields": {
    "source_id": "education-staff:agent:CHARLIE:JORGE VINICIUS PINTO DE CARVALHO",
    "name": "JORGE VINICIUS PINTO DE CARVALHO",
    "is_active": true,
    "cpf": null,
    "team": 13,
    "role": "AGENTE",
    "address": "MADUREIRA"
  }
},
{
  "model": "schedules.agent",
  "pk": 13,
  "fields": {
    "source_id": "education-staff:agent:FOX:JULIO CESAR DA SILVA SANTOS",
    "name": "JULIO CESAR DA SILVA SANTOS",
    "is_active": true,
    "cpf": null,
    "team": 30,
    "role": "AGENTE",
    "address": "ARARUAMA"
  }
},
{
  "model": "schedules.agent",
  "pk": 14,
  "fields": {
    "source_id": "education-staff:agent:GOLF:LEANDRO GABRIEL RODRIGUES RITO",
    "name": "LEANDRO GABRIEL RODRIGUES RITO",
    "is_active": true,
    "cpf": null,
    "team": 31,
    "role": "AGENTE",
    "address": "ITABORAÍ"
  }
},
{
  "model": "schedules.agent",
  "pk": 15,
  "fields": {
    "source_id": "education-staff:agent:GOLF:LEONARDO DE PAULA SILVA DO NASCIMENTO",
    "name": "LEONARDO DE PAULA SILVA DO NASCIMENTO",
    "is_active": true,
    "cpf": null,
    "team": 31,
    "role": "AGENTE",
    "address": "TIJUCA"
  }
},
{
  "model": "schedules.agent",
  "pk": 16,
  "fields": {
    "source_id": "education-staff:agent:HOTEL:LEONARDO DE VELASCO SILVA",
    "name": "LEONARDO DE VELASCO SILVA",
    "is_active": true,
    "cpf": null,
    "team": 33,
    "role": "AGENTE",
    "address": "SENADOR CAMARÁ"
  }
},
{
  "model": "schedules.agent",
  "pk": 17,
  "fields": {
    "source_id": "education-staff:agent:ECHO:LEONARDO TAVARES MARTINS",
    "name": "LEONARDO TAVARES MARTINS",
    "is_active": true,
    "cpf": null,
    "team": 15,
    "role": "AGENTE",
    "address": "SÃO GONÇALO"
  }
},
{
  "model": "schedules.agent",
  "pk": 18,
  "fields": {
    "source_id": "education-staff:agent:ECHO:LUIZ HENRIQUE PEREGRINO GOMES",
    "name": "LUIZ HENRIQUE PEREGRINO GOMES",
    "is_active": true,
    "cpf": null,
    "team": 15,
    "role": "AGENTE",
    "address": "ITABORAÍ"
  }
},
{
  "model": "schedules.agent",
  "pk": 19,
  "fields": {
    "source_id": "education-staff:agent:DELTA:MARAJO SANT ANGELO DO NASCIMENTO",
    "name": "MARAJO SANT ANGELO DO NASCIMENTO",
    "is_active": true,
    "cpf": null,
    "team": 14,
    "role": "AGENTE",
    "address": "ESTÁCIO"
  }
},
{
  "model": "schedules.agent",
  "pk": 20,
  "fields": {
    "source_id": "education-staff:agent:HOTEL:MARCIO DA SILVA ALCANTARA",
    "name": "MARCIO DA SILVA ALCANTARA",
    "is_active": true,
    "cpf": null,
    "team": 33,
    "role": "AGENTE",
    "address": "INHAÚMA"
  }
},
{
  "model": "schedules.agent",
  "pk": 21,
  "fields": {
    "source_id": "education-staff:agent:CHARLIE:MARCOS FRANCISCO DE JESUS BORGES",
    "name": "MARCOS FRANCISCO DE JESUS BORGES",
    "is_active": true,
    "cpf": null,
    "team": 13,
    "role": "AGENTE",
    "address": "ILHA DO GOVERNADOR"
  }
},
{
  "model": "schedules.agent",
  "pk": 22,
  "fields": {
    "source_id": "education-staff:agent:BRAVO:ORLANDO DA SILVA",
    "name": "ORLANDO DA SILVA",
    "is_active": true,
    "cpf": null,
    "team": 12,
    "role": "AGENTE",
    "address": "DUQUE DE CAXIAS"
  }
},
{
  "model": "schedules.agent",
  "pk": 23,
  "fields": {
    "source_id": "education-staff:agent:BRAVO:PEDRO PAULO PAIVA GARDONI DOS SANTOS",
    "name": "PEDRO PAULO PAIVA GARDONI DOS SANTOS",
    "is_active": true,
    "cpf": null,
    "team": 12,
    "role": "AGENTE",
    "address": "MAGÉ"
  }
},
{
  "model": "schedules.agent",
  "pk": 24,
  "fields": {
    "source_id": "education-staff:agent:HOTEL:THAYRONE AMARAL DE SOUZA",
    "name": "THAYRONE AMARAL DE SOUZA",
    "is_active": true,
    "cpf": null,
    "team": 33,
    "role": "AGENTE",
    "address": "VIGÁRIO GERAL"
  }
},
{
  "model": "schedules.agent",
  "pk": 25,
  "fields": {
    "source_id": "education-staff:agent:DELTA:VALDIR FIGUEIREDO FILHO",
    "name": "VALDIR FIGUEIREDO FILHO",
    "is_active": true,
    "cpf": null,
    "team": 14,
    "role": "AGENTE",
    "address": "BANGU"
  }
},
{
  "model": "schedules.agent",
  "pk": 26,
  "fields": {
    "source_id": "education-staff:agent:GOLF:WELLINGTON DO ESPIRITO SANTO",
    "name": "WELLINGTON DO ESPIRITO SANTO",
    "is_active": true,
    "cpf": null,
    "team": 31,
    "role": "AGENTE",
    "address": "NITERÓI"
  }
},
{
  "model": "schedules.actiontype",
  "pk": 1,
  "fields": {
    "source_id": "",
    "name": "Ação",
    "is_active": true
  }
},
{
  "model": "schedules.actiontype",
  "pk": 2,
  "fields": {
    "source_id": "",
    "name": "AÇÃO , AÇÃO BARES",
    "is_active": true
  }
},
{
  "model": "schedules.actiontype",
  "pk": 3,
  "fields": {
    "source_id": "",
    "name": "AÇÃO , AÇÃO EDUCATIVA",
    "is_active": true
  }
},
{
  "model": "schedules.actiontype",
  "pk": 4,
  "fields": {
    "source_id": "",
    "name": "Ação , Ação Festa Junina",
    "is_active": true
  }
},
{
  "model": "schedules.actiontype",
  "pk": 5,
  "fields": {
    "source_id": "",
    "name": "Ação , AÇÃO GRANDES EVENTOS",
    "is_active": true
  }
},
{
  "model": "schedules.actiontype",
  "pk": 6,
  "fields": {
    "source_id": "",
    "name": "AÇÃO + PALESTRA",
    "is_active": true
  }
},
{
  "model": "schedules.actiontype",
  "pk": 7,
  "fields": {
    "source_id": "",
    "name": "AÇÃO + PALESTRA VIRTUAL",
    "is_active": true
  }
},
{
  "model": "schedules.actiontype",
  "pk": 8,
  "fields": {
    "source_id": "",
    "name": "AÇÃO BARES",
    "is_active": true
  }
},
{
  "model": "schedules.actiontype",
  "pk": 9,
  "fields": {
    "source_id": "",
    "name": "AÇÃO CARNAVAL",
    "is_active": true
  }
},
{
  "model": "schedules.actiontype",
  "pk": 10,
  "fields": {
    "source_id": "",
    "name": "AÇÃO COMÉRCIO",
    "is_active": true
  }
},
{
  "model": "schedules.actiontype",
  "pk": 11,
  "fields": {
    "source_id": "",
    "name": "AÇÃO COPA DO MUNDO",
    "is_active": true
  }
},
{
  "model": "schedules.actiontype",
  "pk": 12,
  "fields": {
    "source_id": "",
    "name": "AÇÃO EDUCATIVA",
    "is_active": true
  }
},
{
  "model": "schedules.actiontype",
  "pk": 13,
  "fields": {
    "source_id": "",
    "name": "Ação educativa (Espaço interno)",
    "is_active": true
  }
},
{
  "model": "schedules.actiontype",
  "pk": 14,
  "fields": {
    "source_id": "",
    "name": "Ação Festa Junina",
    "is_active": true
  }
},
{
  "model": "schedules.actiontype",
  "pk": 15,
  "fields": {
    "source_id": "",
    "name": "AÇÃO GRANDES EVENTOS",
    "is_active": true
  }
},
{
  "model": "schedules.actiontype",
  "pk": 16,
  "fields": {
    "source_id": "",
    "name": "AÇÃO GRANDES EVENTOS , AÇÃO",
    "is_active": true
  }
},
{
  "model": "schedules.actiontype",
  "pk": 17,
  "fields": {
    "source_id": "",
    "name": "Ação jogos do Mundial de Clubes",
    "is_active": true
  }
},
{
  "model": "schedules.actiontype",
  "pk": 18,
  "fields": {
    "source_id": "",
    "name": "AÇÃO PEDÁGIO",
    "is_active": true
  }
},
{
  "model": "schedules.actiontype",
  "pk": 19,
  "fields": {
    "source_id": "",
    "name": "AÇÃO PONTO TURÍSTICO",
    "is_active": true
  }
},
{
  "model": "schedules.actiontype",
  "pk": 20,
  "fields": {
    "source_id": "",
    "name": "AÇÃO SHOWS",
    "is_active": true
  }
},
{
  "model": "schedules.actiontype",
  "pk": 21,
  "fields": {
    "source_id": "",
    "name": "AÇÃO SNT",
    "is_active": true
  }
},
{
  "model": "schedules.actiontype",
  "pk": 22,
  "fields": {
    "source_id": "",
    "name": "AÇÃO SUBSTITUIÇÃO NOTA 10",
    "is_active": true
  }
},
{
  "model": "schedules.actiontype",
  "pk": 23,
  "fields": {
    "source_id": "",
    "name": "Ação Viagem",
    "is_active": true
  }
},
{
  "model": "schedules.actiontype",
  "pk": 24,
  "fields": {
    "source_id": "",
    "name": "ANIVERSÁRIO OLS",
    "is_active": true
  }
},
{
  "model": "schedules.actiontype",
  "pk": 25,
  "fields": {
    "source_id": "",
    "name": "BLITZ EDUCATIVA",
    "is_active": true
  }
},
{
  "model": "schedules.actiontype",
  "pk": 26,
  "fields": {
    "source_id": "",
    "name": "Campanha Educativa",
    "is_active": true
  }
},
{
  "model": "schedules.actiontype",
  "pk": 27,
  "fields": {
    "source_id": "",
    "name": "Campanha Educativa , Palestra Presencial , Ação",
    "is_active": true
  }
},
{
  "model": "schedules.actiontype",
  "pk": 28,
  "fields": {
    "source_id": "",
    "name": "Escola Nota 10",
    "is_active": true
  }
},
{
  "model": "schedules.actiontype",
  "pk": 29,
  "fields": {
    "source_id": "",
    "name": "Escolinha Nota 10",
    "is_active": true
  }
},
{
  "model": "schedules.actiontype",
  "pk": 30,
  "fields": {
    "source_id": "",
    "name": "EVENTO OLS",
    "is_active": true
  }
},
{
  "model": "schedules.actiontype",
  "pk": 31,
  "fields": {
    "source_id": "",
    "name": "Gravação Ascom",
    "is_active": true
  }
},
{
  "model": "schedules.actiontype",
  "pk": 32,
  "fields": {
    "source_id": "",
    "name": "Maio Amarelo",
    "is_active": true
  }
},
{
  "model": "schedules.actiontype",
  "pk": 33,
  "fields": {
    "source_id": "",
    "name": "Operação Verão - Fiscalização e Educação",
    "is_active": true
  }
},
{
  "model": "schedules.actiontype",
  "pk": 34,
  "fields": {
    "source_id": "",
    "name": "Orgão Público",
    "is_active": true
  }
},
{
  "model": "schedules.actiontype",
  "pk": 35,
  "fields": {
    "source_id": "",
    "name": "Palestra",
    "is_active": true
  }
},
{
  "model": "schedules.actiontype",
  "pk": 36,
  "fields": {
    "source_id": "",
    "name": "Palestra Adolescente",
    "is_active": true
  }
},
{
  "model": "schedules.actiontype",
  "pk": 37,
  "fields": {
    "source_id": "",
    "name": "Palestra Auto Escola",
    "is_active": true
  }
},
{
  "model": "schedules.actiontype",
  "pk": 38,
  "fields": {
    "source_id": "",
    "name": "PALESTRA EM SUBSTITUIÇÃO AO NOTA 10",
    "is_active": true
  }
},
{
  "model": "schedules.actiontype",
  "pk": 39,
  "fields": {
    "source_id": "",
    "name": "Palestra Empresa",
    "is_active": true
  }
},
{
  "model": "schedules.actiontype",
  "pk": 40,
  "fields": {
    "source_id": "",
    "name": "PALESTRA EMPRESA , AÇÃO",
    "is_active": true
  }
},
{
  "model": "schedules.actiontype",
  "pk": 41,
  "fields": {
    "source_id": "",
    "name": "Palestra Empresa , Maio Amarelo",
    "is_active": true
  }
},
{
  "model": "schedules.actiontype",
  "pk": 42,
  "fields": {
    "source_id": "",
    "name": "Palestra Escola",
    "is_active": true
  }
},
{
  "model": "schedules.actiontype",
  "pk": 43,
  "fields": {
    "source_id": "",
    "name": "Palestra Escola , PALESTRA INFANTIL , Palestra Adolescente",
    "is_active": true
  }
},
{
  "model": "schedules.actiontype",
  "pk": 44,
  "fields": {
    "source_id": "",
    "name": "Palestra Escola + Ação",
    "is_active": true
  }
},
{
  "model": "schedules.actiontype",
  "pk": 45,
  "fields": {
    "source_id": "",
    "name": "PALESTRA INFANTIL",
    "is_active": true
  }
},
{
  "model": "schedules.actiontype",
  "pk": 46,
  "fields": {
    "source_id": "",
    "name": "PALESTRA INFANTIL , Palestra Adolescente",
    "is_active": true
  }
},
{
  "model": "schedules.actiontype",
  "pk": 47,
  "fields": {
    "source_id": "",
    "name": "PALESTRA INFANTIL , Palestra Escola",
    "is_active": true
  }
},
{
  "model": "schedules.actiontype",
  "pk": 48,
  "fields": {
    "source_id": "",
    "name": "PALESTRA ÓRGÃO MILITAR",
    "is_active": true
  }
},
{
  "model": "schedules.actiontype",
  "pk": 49,
  "fields": {
    "source_id": "",
    "name": "PALESTRA ÓRGÃO MILITAR , PALESTRA INFANTIL , PALESTRA PRESENCIAL",
    "is_active": true
  }
},
{
  "model": "schedules.actiontype",
  "pk": 50,
  "fields": {
    "source_id": "",
    "name": "Palestra Presencia",
    "is_active": true
  }
},
{
  "model": "schedules.actiontype",
  "pk": 51,
  "fields": {
    "source_id": "",
    "name": "Palestra Presencial",
    "is_active": true
  }
},
{
  "model": "schedules.actiontype",
  "pk": 52,
  "fields": {
    "source_id": "",
    "name": "PALESTRA PRESENCIAL + AÇÃO EDUCATIVA",
    "is_active": true
  }
},
{
  "model": "schedules.actiontype",
  "pk": 53,
  "fields": {
    "source_id": "",
    "name": "Palestra Universidade",
    "is_active": true
  }
},
{
  "model": "schedules.actiontype",
  "pk": 54,
  "fields": {
    "source_id": "",
    "name": "Palestra Virtual",
    "is_active": true
  }
},
{
  "model": "schedules.actiontype",
  "pk": 55,
  "fields": {
    "source_id": "",
    "name": "Representação",
    "is_active": true
  }
},
{
  "model": "schedules.actiontype",
  "pk": 56,
  "fields": {
    "source_id": "",
    "name": "REUNIÃO",
    "is_active": true
  }
},
{
  "model": "schedules.actiontype",
  "pk": 57,
  "fields": {
    "source_id": "",
    "name": "SEMINÁRIO",
    "is_active": true
  }
},
{
  "model": "schedules.municipality",
  "pk": 1,
  "fields": {
    "source_id": "A1",
    "name": "Angra dos Reis",
    "is_active": true
  }
},
{
  "model": "schedules.municipality",
  "pk": 2,
  "fields": {
    "source_id": "A2",
    "name": "Aperibé",
    "is_active": true
  }
},
{
  "model": "schedules.municipality",
  "pk": 3,
  "fields": {
    "source_id": "A3",
    "name": "Araruama",
    "is_active": true
  }
},
{
  "model": "schedules.municipality",
  "pk": 4,
  "fields": {
    "source_id": "A4",
    "name": "Areal",
    "is_active": true
  }
},
{
  "model": "schedules.municipality",
  "pk": 5,
  "fields": {
    "source_id": "A5",
    "name": "Armação dos Búzios",
    "is_active": true
  }
},
{
  "model": "schedules.municipality",
  "pk": 6,
  "fields": {
    "source_id": "A6",
    "name": "Arraial do Cabo",
    "is_active": true
  }
},
{
  "model": "schedules.municipality",
  "pk": 7,
  "fields": {
    "source_id": "A7",
    "name": "Barra do Piraí",
    "is_active": true
  }
},
{
  "model": "schedules.municipality",
  "pk": 8,
  "fields": {
    "source_id": "A8",
    "name": "Barra Mansa",
    "is_active": true
  }
},
{
  "model": "schedules.municipality",
  "pk": 9,
  "fields": {
    "source_id": "A9",
    "name": "Belford Roxo",
    "is_active": true
  }
},
{
  "model": "schedules.municipality",
  "pk": 10,
  "fields": {
    "source_id": "A10",
    "name": "Bom Jardim",
    "is_active": true
  }
},
{
  "model": "schedules.municipality",
  "pk": 11,
  "fields": {
    "source_id": "A11",
    "name": "Bom Jesus do Itabapoana",
    "is_active": true
  }
},
{
  "model": "schedules.municipality",
  "pk": 12,
  "fields": {
    "source_id": "563b85b0",
    "name": "BOM JESUS DO ITABPOANA",
    "is_active": true
  }
},
{
  "model": "schedules.municipality",
  "pk": 13,
  "fields": {
    "source_id": "A12",
    "name": "Cabo Frio",
    "is_active": true
  }
},
{
  "model": "schedules.municipality",
  "pk": 14,
  "fields": {
    "source_id": "A13",
    "name": "Cachoeiras de Macacu",
    "is_active": true
  }
},
{
  "model": "schedules.municipality",
  "pk": 15,
  "fields": {
    "source_id": "5a0562f4",
    "name": "CALIFÓRNIA",
    "is_active": true
  }
},
{
  "model": "schedules.municipality",
  "pk": 16,
  "fields": {
    "source_id": "A14",
    "name": "Cambuci",
    "is_active": true
  }
},
{
  "model": "schedules.municipality",
  "pk": 17,
  "fields": {
    "source_id": "A15",
    "name": "Campos dos Goytacazes",
    "is_active": true
  }
},
{
  "model": "schedules.municipality",
  "pk": 18,
  "fields": {
    "source_id": "A16",
    "name": "Cantagalo",
    "is_active": true
  }
},
{
  "model": "schedules.municipality",
  "pk": 19,
  "fields": {
    "source_id": "A17",
    "name": "Carapebus",
    "is_active": true
  }
},
{
  "model": "schedules.municipality",
  "pk": 20,
  "fields": {
    "source_id": "A18",
    "name": "Cardoso Moreira",
    "is_active": true
  }
},
{
  "model": "schedules.municipality",
  "pk": 21,
  "fields": {
    "source_id": "A19",
    "name": "Carmo",
    "is_active": true
  }
},
{
  "model": "schedules.municipality",
  "pk": 22,
  "fields": {
    "source_id": "A20",
    "name": "Casimiro de Abreu",
    "is_active": true
  }
},
{
  "model": "schedules.municipality",
  "pk": 23,
  "fields": {
    "source_id": "A21",
    "name": "Comendador Levy Gasparian",
    "is_active": true
  }
},
{
  "model": "schedules.municipality",
  "pk": 24,
  "fields": {
    "source_id": "A22",
    "name": "Conceição de Macabu",
    "is_active": true
  }
},
{
  "model": "schedules.municipality",
  "pk": 25,
  "fields": {
    "source_id": "A23",
    "name": "Cordeiro",
    "is_active": true
  }
},
{
  "model": "schedules.municipality",
  "pk": 26,
  "fields": {
    "source_id": "A24",
    "name": "Duas Barras",
    "is_active": true
  }
},
{
  "model": "schedules.municipality",
  "pk": 27,
  "fields": {
    "source_id": "A25",
    "name": "Duque de Caxias",
    "is_active": true
  }
},
{
  "model": "schedules.municipality",
  "pk": 28,
  "fields": {
    "source_id": "",
    "name": "DUQUE DE CAXIAS- RIO DE JANEIRO",
    "is_active": true
  }
},
{
  "model": "schedules.municipality",
  "pk": 29,
  "fields": {
    "source_id": "",
    "name": "Duque de Caxias - RJ - Brasil",
    "is_active": true
  }
},
{
  "model": "schedules.municipality",
  "pk": 30,
  "fields": {
    "source_id": "A26",
    "name": "Engenheiro Paulo de Frontin",
    "is_active": true
  }
},
{
  "model": "schedules.municipality",
  "pk": 31,
  "fields": {
    "source_id": "",
    "name": "Friburgo",
    "is_active": true
  }
},
{
  "model": "schedules.municipality",
  "pk": 32,
  "fields": {
    "source_id": "A27",
    "name": "Guapimirim",
    "is_active": true
  }
},
{
  "model": "schedules.municipality",
  "pk": 33,
  "fields": {
    "source_id": "A28",
    "name": "Iguaba Grande",
    "is_active": true
  }
},
{
  "model": "schedules.municipality",
  "pk": 34,
  "fields": {
    "source_id": "",
    "name": "ITABORAI",
    "is_active": true
  }
},
{
  "model": "schedules.municipality",
  "pk": 35,
  "fields": {
    "source_id": "A29",
    "name": "Itaboraí",
    "is_active": true
  }
},
{
  "model": "schedules.municipality",
  "pk": 36,
  "fields": {
    "source_id": "A30",
    "name": "Itaguaí",
    "is_active": true
  }
},
{
  "model": "schedules.municipality",
  "pk": 37,
  "fields": {
    "source_id": "A31",
    "name": "Italva",
    "is_active": true
  }
},
{
  "model": "schedules.municipality",
  "pk": 38,
  "fields": {
    "source_id": "A32",
    "name": "Itaocara",
    "is_active": true
  }
},
{
  "model": "schedules.municipality",
  "pk": 39,
  "fields": {
    "source_id": "A33",
    "name": "Itaperuna",
    "is_active": true
  }
},
{
  "model": "schedules.municipality",
  "pk": 40,
  "fields": {
    "source_id": "A34",
    "name": "Itatiaia",
    "is_active": true
  }
},
{
  "model": "schedules.municipality",
  "pk": 41,
  "fields": {
    "source_id": "A35",
    "name": "Japeri",
    "is_active": true
  }
},
{
  "model": "schedules.municipality",
  "pk": 42,
  "fields": {
    "source_id": "A36",
    "name": "Laje do Muriaé",
    "is_active": true
  }
},
{
  "model": "schedules.municipality",
  "pk": 43,
  "fields": {
    "source_id": "A37",
    "name": "Macaé",
    "is_active": true
  }
},
{
  "model": "schedules.municipality",
  "pk": 44,
  "fields": {
    "source_id": "A38",
    "name": "Macuco",
    "is_active": true
  }
},
{
  "model": "schedules.municipality",
  "pk": 45,
  "fields": {
    "source_id": "A39",
    "name": "Magé",
    "is_active": true
  }
},
{
  "model": "schedules.municipality",
  "pk": 46,
  "fields": {
    "source_id": "A40",
    "name": "Mangaratiba",
    "is_active": true
  }
},
{
  "model": "schedules.municipality",
  "pk": 47,
  "fields": {
    "source_id": "A41",
    "name": "Maricá",
    "is_active": true
  }
},
{
  "model": "schedules.municipality",
  "pk": 48,
  "fields": {
    "source_id": "A42",
    "name": "Mendes",
    "is_active": true
  }
},
{
  "model": "schedules.municipality",
  "pk": 49,
  "fields": {
    "source_id": "A43",
    "name": "Mesquita",
    "is_active": true
  }
},
{
  "model": "schedules.municipality",
  "pk": 50,
  "fields": {
    "source_id": "A44",
    "name": "Miguel Pereira",
    "is_active": true
  }
},
{
  "model": "schedules.municipality",
  "pk": 51,
  "fields": {
    "source_id": "A45",
    "name": "Miracema",
    "is_active": true
  }
},
{
  "model": "schedules.municipality",
  "pk": 52,
  "fields": {
    "source_id": "A46",
    "name": "Natividade",
    "is_active": true
  }
},
{
  "model": "schedules.municipality",
  "pk": 53,
  "fields": {
    "source_id": "A47",
    "name": "Nilópolis",
    "is_active": true
  }
},
{
  "model": "schedules.municipality",
  "pk": 54,
  "fields": {
    "source_id": "",
    "name": "Niteroi",
    "is_active": true
  }
},
{
  "model": "schedules.municipality",
  "pk": 55,
  "fields": {
    "source_id": "A48",
    "name": "Niterói",
    "is_active": true
  }
},
{
  "model": "schedules.municipality",
  "pk": 56,
  "fields": {
    "source_id": "A49",
    "name": "Nova Friburgo",
    "is_active": true
  }
},
{
  "model": "schedules.municipality",
  "pk": 57,
  "fields": {
    "source_id": "A50",
    "name": "Nova Iguaçu",
    "is_active": true
  }
},
{
  "model": "schedules.municipality",
  "pk": 58,
  "fields": {
    "source_id": "A51",
    "name": "Paracambi",
    "is_active": true
  }
},
{
  "model": "schedules.municipality",
  "pk": 59,
  "fields": {
    "source_id": "A52",
    "name": "Paraíba do Sul",
    "is_active": true
  }
},
{
  "model": "schedules.municipality",
  "pk": 60,
  "fields": {
    "source_id": "A53",
    "name": "Paraty",
    "is_active": true
  }
},
{
  "model": "schedules.municipality",
  "pk": 61,
  "fields": {
    "source_id": "A54",
    "name": "Paty do Alferes",
    "is_active": true
  }
},
{
  "model": "schedules.municipality",
  "pk": 62,
  "fields": {
    "source_id": "A55",
    "name": "Petrópolis",
    "is_active": true
  }
},
{
  "model": "schedules.municipality",
  "pk": 63,
  "fields": {
    "source_id": "6c394530",
    "name": "PIABETÁ",
    "is_active": true
  }
},
{
  "model": "schedules.municipality",
  "pk": 64,
  "fields": {
    "source_id": "A56",
    "name": "Pinheiral",
    "is_active": true
  }
},
{
  "model": "schedules.municipality",
  "pk": 65,
  "fields": {
    "source_id": "",
    "name": "Pirai",
    "is_active": true
  }
},
{
  "model": "schedules.municipality",
  "pk": 66,
  "fields": {
    "source_id": "A57",
    "name": "Piraí",
    "is_active": true
  }
},
{
  "model": "schedules.municipality",
  "pk": 67,
  "fields": {
    "source_id": "A58",
    "name": "Porciúncula",
    "is_active": true
  }
},
{
  "model": "schedules.municipality",
  "pk": 68,
  "fields": {
    "source_id": "A59",
    "name": "Porto Real",
    "is_active": true
  }
},
{
  "model": "schedules.municipality",
  "pk": 69,
  "fields": {
    "source_id": "A60",
    "name": "Quatis",
    "is_active": true
  }
},
{
  "model": "schedules.municipality",
  "pk": 70,
  "fields": {
    "source_id": "A61",
    "name": "Queimados",
    "is_active": true
  }
},
{
  "model": "schedules.municipality",
  "pk": 71,
  "fields": {
    "source_id": "A62",
    "name": "Quissamã",
    "is_active": true
  }
},
{
  "model": "schedules.municipality",
  "pk": 72,
  "fields": {
    "source_id": "d00866b8",
    "name": "Raposo",
    "is_active": true
  }
},
{
  "model": "schedules.municipality",
  "pk": 73,
  "fields": {
    "source_id": "A63",
    "name": "Resende",
    "is_active": true
  }
},
{
  "model": "schedules.municipality",
  "pk": 74,
  "fields": {
    "source_id": "",
    "name": "Rio",
    "is_active": true
  }
},
{
  "model": "schedules.municipality",
  "pk": 75,
  "fields": {
    "source_id": "A64",
    "name": "Rio Bonito",
    "is_active": true
  }
},
{
  "model": "schedules.municipality",
  "pk": 76,
  "fields": {
    "source_id": "A65",
    "name": "Rio Claro",
    "is_active": true
  }
},
{
  "model": "schedules.municipality",
  "pk": 77,
  "fields": {
    "source_id": "A66",
    "name": "Rio das Flores",
    "is_active": true
  }
},
{
  "model": "schedules.municipality",
  "pk": 78,
  "fields": {
    "source_id": "A67",
    "name": "Rio das Ostras",
    "is_active": true
  }
},
{
  "model": "schedules.municipality",
  "pk": 79,
  "fields": {
    "source_id": "",
    "name": "Rio das pedras",
    "is_active": true
  }
},
{
  "model": "schedules.municipality",
  "pk": 80,
  "fields": {
    "source_id": "A68",
    "name": "Rio de Janeiro",
    "is_active": true
  }
},
{
  "model": "schedules.municipality",
  "pk": 81,
  "fields": {
    "source_id": "",
    "name": "Rio de Janeiro - RJ, 22.783-117",
    "is_active": true
  }
},
{
  "model": "schedules.municipality",
  "pk": 82,
  "fields": {
    "source_id": "",
    "name": "RJ",
    "is_active": true
  }
},
{
  "model": "schedules.municipality",
  "pk": 83,
  "fields": {
    "source_id": "A69",
    "name": "Santa Maria Madalena",
    "is_active": true
  }
},
{
  "model": "schedules.municipality",
  "pk": 84,
  "fields": {
    "source_id": "A70",
    "name": "Santo Antônio de Pádua",
    "is_active": true
  }
},
{
  "model": "schedules.municipality",
  "pk": 85,
  "fields": {
    "source_id": "A71",
    "name": "São Fidélis",
    "is_active": true
  }
},
{
  "model": "schedules.municipality",
  "pk": 86,
  "fields": {
    "source_id": "A72",
    "name": "São Francisco de Itabapoana",
    "is_active": true
  }
},
{
  "model": "schedules.municipality",
  "pk": 87,
  "fields": {
    "source_id": "",
    "name": "SÃO GOANÇALO",
    "is_active": true
  }
},
{
  "model": "schedules.municipality",
  "pk": 88,
  "fields": {
    "source_id": "A73",
    "name": "São Gonçalo",
    "is_active": true
  }
},
{
  "model": "schedules.municipality",
  "pk": 89,
  "fields": {
    "source_id": "A74",
    "name": "São João da Barra",
    "is_active": true
  }
},
{
  "model": "schedules.municipality",
  "pk": 90,
  "fields": {
    "source_id": "A75",
    "name": "São João de Meriti",
    "is_active": true
  }
},
{
  "model": "schedules.municipality",
  "pk": 91,
  "fields": {
    "source_id": "",
    "name": "São João do Meriti",
    "is_active": true
  }
},
{
  "model": "schedules.municipality",
  "pk": 92,
  "fields": {
    "source_id": "",
    "name": "SÃO JOÃO DO NERITI-RJ",
    "is_active": true
  }
},
{
  "model": "schedules.municipality",
  "pk": 93,
  "fields": {
    "source_id": "A76",
    "name": "São José de Ubá",
    "is_active": true
  }
},
{
  "model": "schedules.municipality",
  "pk": 94,
  "fields": {
    "source_id": "A77",
    "name": "São José do Vale do Rio Preto",
    "is_active": true
  }
},
{
  "model": "schedules.municipality",
  "pk": 95,
  "fields": {
    "source_id": "f1e1398c",
    "name": "SÃO PAULO",
    "is_active": true
  }
},
{
  "model": "schedules.municipality",
  "pk": 96,
  "fields": {
    "source_id": "",
    "name": "Sâo Pedro da Aldeia",
    "is_active": true
  }
},
{
  "model": "schedules.municipality",
  "pk": 97,
  "fields": {
    "source_id": "A78",
    "name": "São Pedro da Aldeia",
    "is_active": true
  }
},
{
  "model": "schedules.municipality",
  "pk": 98,
  "fields": {
    "source_id": "",
    "name": "SÃO PEDRO DE ALDEIA",
    "is_active": true
  }
},
{
  "model": "schedules.municipality",
  "pk": 99,
  "fields": {
    "source_id": "A79",
    "name": "São Sebastião do Alto",
    "is_active": true
  }
},
{
  "model": "schedules.municipality",
  "pk": 100,
  "fields": {
    "source_id": "A80",
    "name": "Sapucaia",
    "is_active": true
  }
},
{
  "model": "schedules.municipality",
  "pk": 101,
  "fields": {
    "source_id": "A81",
    "name": "Saquarema",
    "is_active": true
  }
},
{
  "model": "schedules.municipality",
  "pk": 102,
  "fields": {
    "source_id": "A82",
    "name": "Seropédica",
    "is_active": true
  }
},
{
  "model": "schedules.municipality",
  "pk": 103,
  "fields": {
    "source_id": "A83",
    "name": "Silva Jardim",
    "is_active": true
  }
},
{
  "model": "schedules.municipality",
  "pk": 104,
  "fields": {
    "source_id": "A84",
    "name": "Sumidouro",
    "is_active": true
  }
},
{
  "model": "schedules.municipality",
  "pk": 105,
  "fields": {
    "source_id": "A85",
    "name": "Tanguá",
    "is_active": true
  }
},
{
  "model": "schedules.municipality",
  "pk": 106,
  "fields": {
    "source_id": "",
    "name": "Teresópoli",
    "is_active": true
  }
},
{
  "model": "schedules.municipality",
  "pk": 107,
  "fields": {
    "source_id": "A86",
    "name": "Teresópolis",
    "is_active": true
  }
},
{
  "model": "schedules.municipality",
  "pk": 108,
  "fields": {
    "source_id": "A87",
    "name": "Trajano de Moraes",
    "is_active": true
  }
},
{
  "model": "schedules.municipality",
  "pk": 109,
  "fields": {
    "source_id": "A88",
    "name": "Três Rios",
    "is_active": true
  }
},
{
  "model": "schedules.municipality",
  "pk": 110,
  "fields": {
    "source_id": "A89",
    "name": "Valença",
    "is_active": true
  }
},
{
  "model": "schedules.municipality",
  "pk": 111,
  "fields": {
    "source_id": "A90",
    "name": "Varre-Sai",
    "is_active": true
  }
},
{
  "model": "schedules.municipality",
  "pk": 112,
  "fields": {
    "source_id": "A91",
    "name": "Vassouras",
    "is_active": true
  }
},
{
  "model": "schedules.municipality",
  "pk": 113,
  "fields": {
    "source_id": "A92",
    "name": "Volta Redonda",
    "is_active": true
  }
},
{
  "model": "schedules.neighborhood",
  "pk": 1,
  "fields": {
    "source_id": "",
    "name": "- ITANHANGÁ",
    "is_active": true
  }
},
{
  "model": "schedules.neighborhood",
  "pk": 2,
  "fields": {
    "source_id": "A29",
    "name": "Abolição",
    "is_active": true
  }
},
{
  "model": "schedules.neighborhood",
  "pk": 3,
  "fields": {
    "source_id": "A70",
    "name": "Acari",
    "is_active": true
  }
},
{
  "model": "schedules.neighborhood",
  "pk": 4,
  "fields": {
    "source_id": "1ddeda10",
    "name": "AÇUDE",
    "is_active": true
  }
},
{
  "model": "schedules.neighborhood",
  "pk": 5,
  "fields": {
    "source_id": "77a068e6",
    "name": "ÁGUA LIMPA",
    "is_active": true
  }
},
{
  "model": "schedules.neighborhood",
  "pk": 6,
  "fields": {
    "source_id": "A30",
    "name": "Água Santa",
    "is_active": true
  }
},
{
  "model": "schedules.neighborhood",
  "pk": 7,
  "fields": {
    "source_id": "85522d55",
    "name": "ALCÂNTARA",
    "is_active": true
  }
},
{
  "model": "schedules.neighborhood",
  "pk": 8,
  "fields": {
    "source_id": "A22",
    "name": "Alto da Boa Vista",
    "is_active": true
  }
},
{
  "model": "schedules.neighborhood",
  "pk": 9,
  "fields": {
    "source_id": "",
    "name": "Alto do jacu - Sambaetiba",
    "is_active": true
  }
},
{
  "model": "schedules.neighborhood",
  "pk": 10,
  "fields": {
    "source_id": "f4ddf0fa",
    "name": "Amaral Peixoto",
    "is_active": true
  }
},
{
  "model": "schedules.neighborhood",
  "pk": 11,
  "fields": {
    "source_id": "A71",
    "name": "Anchieta",
    "is_active": true
  }
},
{
  "model": "schedules.neighborhood",
  "pk": 12,
  "fields": {
    "source_id": "A23",
    "name": "Andaraí",
    "is_active": true
  }
},
{
  "model": "schedules.neighborhood",
  "pk": 13,
  "fields": {
    "source_id": "8175dccf",
    "name": "Anil",
    "is_active": true
  }
},
{
  "model": "schedules.neighborhood",
  "pk": 14,
  "fields": {
    "source_id": "f37fbfe2",
    "name": "Anta",
    "is_active": true
  }
},
{
  "model": "schedules.neighborhood",
  "pk": 15,
  "fields": {
    "source_id": "2e5c6b5e",
    "name": "ARAÇATIBA",
    "is_active": true
  }
},
{
  "model": "schedules.neighborhood",
  "pk": 16,
  "fields": {
    "source_id": "79be225e",
    "name": "ARARUAMA",
    "is_active": true
  }
},
{
  "model": "schedules.neighborhood",
  "pk": 17,
  "fields": {
    "source_id": "",
    "name": "ARCOZELO",
    "is_active": true
  }
},
{
  "model": "schedules.neighborhood",
  "pk": 18,
  "fields": {
    "source_id": "7fc5224e",
    "name": "ARPOADOR",
    "is_active": true
  }
},
{
  "model": "schedules.neighborhood",
  "pk": 19,
  "fields": {
    "source_id": "7c9a618e",
    "name": "Austin",
    "is_active": true
  }
},
{
  "model": "schedules.neighborhood",
  "pk": 20,
  "fields": {
    "source_id": "323006c3",
    "name": "BAIRRO BELMONTE",
    "is_active": true
  }
},
{
  "model": "schedules.neighborhood",
  "pk": 21,
  "fields": {
    "source_id": "",
    "name": "Bairro Botafogo",
    "is_active": true
  }
},
{
  "model": "schedules.neighborhood",
  "pk": 22,
  "fields": {
    "source_id": "8b6c8070",
    "name": "Bairro Chácaras Rio Petrópolis",
    "is_active": true
  }
},
{
  "model": "schedules.neighborhood",
  "pk": 23,
  "fields": {
    "source_id": "7233b29c",
    "name": "BAIRRO DA LUZ",
    "is_active": true
  }
},
{
  "model": "schedules.neighborhood",
  "pk": 24,
  "fields": {
    "source_id": "",
    "name": "Bairro da Piam",
    "is_active": true
  }
},
{
  "model": "schedules.neighborhood",
  "pk": 25,
  "fields": {
    "source_id": "e0accff4",
    "name": "Bairro Figueira",
    "is_active": true
  }
},
{
  "model": "schedules.neighborhood",
  "pk": 26,
  "fields": {
    "source_id": "003dd46b",
    "name": "Bananaç - Ilha do Governador",
    "is_active": true
  }
},
{
  "model": "schedules.neighborhood",
  "pk": 27,
  "fields": {
    "source_id": "852652cf",
    "name": "Bananal",
    "is_active": true
  }
},
{
  "model": "schedules.neighborhood",
  "pk": 28,
  "fields": {
    "source_id": "7a80a2c1",
    "name": "Bananal - Ilha do Governador",
    "is_active": true
  }
},
{
  "model": "schedules.neighborhood",
  "pk": 29,
  "fields": {
    "source_id": "A51",
    "name": "Bancários",
    "is_active": true
  }
},
{
  "model": "schedules.neighborhood",
  "pk": 30,
  "fields": {
    "source_id": "A1",
    "name": "Bangu",
    "is_active": true
  }
},
{
  "model": "schedules.neighborhood",
  "pk": 31,
  "fields": {
    "source_id": "a0c4fa48",
    "name": "BARBUDA",
    "is_active": true
  }
},
{
  "model": "schedules.neighborhood",
  "pk": 32,
  "fields": {
    "source_id": "",
    "name": "Barra-Olímpica",
    "is_active": true
  }
},
{
  "model": "schedules.neighborhood",
  "pk": 33,
  "fields": {
    "source_id": "37709717",
    "name": "BARRA DA TIJUCA",
    "is_active": true
  }
},
{
  "model": "schedules.neighborhood",
  "pk": 34,
  "fields": {
    "source_id": "A12",
    "name": "Barra de Guaratiba",
    "is_active": true
  }
},
{
  "model": "schedules.neighborhood",
  "pk": 35,
  "fields": {
    "source_id": "8036e8dc",
    "name": "BARRA MACAÉ",
    "is_active": true
  }
},
{
  "model": "schedules.neighborhood",
  "pk": 36,
  "fields": {
    "source_id": "",
    "name": "Barra Olimpica",
    "is_active": true
  }
},
{
  "model": "schedules.neighborhood",
  "pk": 37,
  "fields": {
    "source_id": "e508835d",
    "name": "BARRA OLÍMPICA",
    "is_active": true
  }
},
{
  "model": "schedules.neighborhood",
  "pk": 38,
  "fields": {
    "source_id": "64edc7b3",
    "name": "BARRETO",
    "is_active": true
  }
},
{
  "model": "schedules.neighborhood",
  "pk": 39,
  "fields": {
    "source_id": "da517ae4",
    "name": "BARRO BRANCO",
    "is_active": true
  }
},
{
  "model": "schedules.neighborhood",
  "pk": 40,
  "fields": {
    "source_id": "f3523386",
    "name": "BARRO VERMELHO",
    "is_active": true
  }
},
{
  "model": "schedules.neighborhood",
  "pk": 41,
  "fields": {
    "source_id": "A72",
    "name": "Barros Filho",
    "is_active": true
  }
},
{
  "model": "schedules.neighborhood",
  "pk": 42,
  "fields": {
    "source_id": "c0a39355",
    "name": "BENFICA",
    "is_active": true
  }
},
{
  "model": "schedules.neighborhood",
  "pk": 43,
  "fields": {
    "source_id": "A73",
    "name": "Bento Ribeiro",
    "is_active": true
  }
},
{
  "model": "schedules.neighborhood",
  "pk": 44,
  "fields": {
    "source_id": "99ee3dde",
    "name": "Bingen",
    "is_active": true
  }
},
{
  "model": "schedules.neighborhood",
  "pk": 45,
  "fields": {
    "source_id": "",
    "name": "Bnagu",
    "is_active": true
  }
},
{
  "model": "schedules.neighborhood",
  "pk": 46,
  "fields": {
    "source_id": "",
    "name": "BNH",
    "is_active": true
  }
},
{
  "model": "schedules.neighborhood",
  "pk": 47,
  "fields": {
    "source_id": "b57c976a",
    "name": "Boa Esperança",
    "is_active": true
  }
},
{
  "model": "schedules.neighborhood",
  "pk": 48,
  "fields": {
    "source_id": "4974eac2",
    "name": "BOA VISTA",
    "is_active": true
  }
},
{
  "model": "schedules.neighborhood",
  "pk": 49,
  "fields": {
    "source_id": "A50",
    "name": "Bonsucesso",
    "is_active": true
  }
},
{
  "model": "schedules.neighborhood",
  "pk": 50,
  "fields": {
    "source_id": "fcdb27fe",
    "name": "Botafogo",
    "is_active": true
  }
},
{
  "model": "schedules.neighborhood",
  "pk": 51,
  "fields": {
    "source_id": "",
    "name": "botafoto",
    "is_active": true
  }
},
{
  "model": "schedules.neighborhood",
  "pk": 52,
  "fields": {
    "source_id": "A74",
    "name": "Brás de Pina",
    "is_active": true
  }
},
{
  "model": "schedules.neighborhood",
  "pk": 53,
  "fields": {
    "source_id": "A31",
    "name": "Cachambi",
    "is_active": true
  }
},
{
  "model": "schedules.neighborhood",
  "pk": 54,
  "fields": {
    "source_id": "A52",
    "name": "Cacuia",
    "is_active": true
  }
},
{
  "model": "schedules.neighborhood",
  "pk": 55,
  "fields": {
    "source_id": "",
    "name": "Caju",
    "is_active": true
  }
},
{
  "model": "schedules.neighborhood",
  "pk": 56,
  "fields": {
    "source_id": "08b6ccbb",
    "name": "CAJÚ",
    "is_active": true
  }
},
{
  "model": "schedules.neighborhood",
  "pk": 57,
  "fields": {
    "source_id": "0deaccf9",
    "name": "CALIFÓRNIA",
    "is_active": true
  }
},
{
  "model": "schedules.neighborhood",
  "pk": 58,
  "fields": {
    "source_id": "25a70a44",
    "name": "CALUGE",
    "is_active": true
  }
},
{
  "model": "schedules.neighborhood",
  "pk": 59,
  "fields": {
    "source_id": "2f557c97",
    "name": "Camboinhas",
    "is_active": true
  }
},
{
  "model": "schedules.neighborhood",
  "pk": 60,
  "fields": {
    "source_id": "9e53df82",
    "name": "Camorim",
    "is_active": true
  }
},
{
  "model": "schedules.neighborhood",
  "pk": 61,
  "fields": {
    "source_id": "A75",
    "name": "Campinho",
    "is_active": true
  }
},
{
  "model": "schedules.neighborhood",
  "pk": 62,
  "fields": {
    "source_id": "e26a7c5d",
    "name": "CAMPO ALEGRE",
    "is_active": true
  }
},
{
  "model": "schedules.neighborhood",
  "pk": 63,
  "fields": {
    "source_id": "81d9b448",
    "name": "CAMPO BOM",
    "is_active": true
  }
},
{
  "model": "schedules.neighborhood",
  "pk": 64,
  "fields": {
    "source_id": "A13",
    "name": "Campo Grande",
    "is_active": true
  }
},
{
  "model": "schedules.neighborhood",
  "pk": 65,
  "fields": {
    "source_id": "e9b9ea17",
    "name": "Campos dos Afonsos",
    "is_active": true
  }
},
{
  "model": "schedules.neighborhood",
  "pk": 66,
  "fields": {
    "source_id": "1839b561",
    "name": "CAMPOS ELÍSEOS",
    "is_active": true
  }
},
{
  "model": "schedules.neighborhood",
  "pk": 67,
  "fields": {
    "source_id": "",
    "name": "Campos Elísios",
    "is_active": true
  }
},
{
  "model": "schedules.neighborhood",
  "pk": 68,
  "fields": {
    "source_id": "",
    "name": "Canpo Grande",
    "is_active": true
  }
},
{
  "model": "schedules.neighborhood",
  "pk": 69,
  "fields": {
    "source_id": "",
    "name": "Capivari",
    "is_active": true
  }
},
{
  "model": "schedules.neighborhood",
  "pk": 70,
  "fields": {
    "source_id": "c46533b3",
    "name": "CASA DE PEDRA",
    "is_active": true
  }
},
{
  "model": "schedules.neighborhood",
  "pk": 71,
  "fields": {
    "source_id": "A77",
    "name": "Cascadura",
    "is_active": true
  }
},
{
  "model": "schedules.neighborhood",
  "pk": 72,
  "fields": {
    "source_id": "90a2bb1c",
    "name": "CATETE",
    "is_active": true
  }
},
{
  "model": "schedules.neighborhood",
  "pk": 73,
  "fields": {
    "source_id": "A76",
    "name": "Cavalcanti",
    "is_active": true
  }
},
{
  "model": "schedules.neighborhood",
  "pk": 74,
  "fields": {
    "source_id": "f8514b14",
    "name": "Caxambu",
    "is_active": true
  }
},
{
  "model": "schedules.neighborhood",
  "pk": 75,
  "fields": {
    "source_id": "1bf96e9b",
    "name": "Centro",
    "is_active": true
  }
},
{
  "model": "schedules.neighborhood",
  "pk": 76,
  "fields": {
    "source_id": "",
    "name": "Centro - Rio de Janeiro",
    "is_active": true
  }
},
{
  "model": "schedules.neighborhood",
  "pk": 77,
  "fields": {
    "source_id": "73116ec4",
    "name": "Centro de Arraial do Cabo",
    "is_active": true
  }
},
{
  "model": "schedules.neighborhood",
  "pk": 78,
  "fields": {
    "source_id": "f51f9e14",
    "name": "Centro de Bom Jardim/ RJ",
    "is_active": true
  }
},
{
  "model": "schedules.neighborhood",
  "pk": 79,
  "fields": {
    "source_id": "74cb3891",
    "name": "CENTRO DE BOM JESUS DO ITABAPOANA",
    "is_active": true
  }
},
{
  "model": "schedules.neighborhood",
  "pk": 80,
  "fields": {
    "source_id": "9c36cf57",
    "name": "CENTRO DE BUZIOS",
    "is_active": true
  }
},
{
  "model": "schedules.neighborhood",
  "pk": 81,
  "fields": {
    "source_id": "29f982f5",
    "name": "CENTRO DE CABO FRIO",
    "is_active": true
  }
},
{
  "model": "schedules.neighborhood",
  "pk": 82,
  "fields": {
    "source_id": "bc9cd83b",
    "name": "CENTRO DE DUQUE DE CAXIAS",
    "is_active": true
  }
},
{
  "model": "schedules.neighborhood",
  "pk": 83,
  "fields": {
    "source_id": "f72a98a2",
    "name": "CENTRO DE ITAPERUNA",
    "is_active": true
  }
},
{
  "model": "schedules.neighborhood",
  "pk": 84,
  "fields": {
    "source_id": "ce18e5ab",
    "name": "Centro de Levy Gasparian",
    "is_active": true
  }
},
{
  "model": "schedules.neighborhood",
  "pk": 85,
  "fields": {
    "source_id": "fcb4b17b",
    "name": "CENTRO DE MACAÉ",
    "is_active": true
  }
},
{
  "model": "schedules.neighborhood",
  "pk": 86,
  "fields": {
    "source_id": "5caeb427",
    "name": "CENTRO DE MAGÉ",
    "is_active": true
  }
},
{
  "model": "schedules.neighborhood",
  "pk": 87,
  "fields": {
    "source_id": "8c3811d6",
    "name": "CENTRO DE MANGARATIBA",
    "is_active": true
  }
},
{
  "model": "schedules.neighborhood",
  "pk": 88,
  "fields": {
    "source_id": "75c0e3fb",
    "name": "CENTRO DE MARICÁ",
    "is_active": true
  }
},
{
  "model": "schedules.neighborhood",
  "pk": 89,
  "fields": {
    "source_id": "27abf74d",
    "name": "CENTRO DE MESQUITA",
    "is_active": true
  }
},
{
  "model": "schedules.neighborhood",
  "pk": 90,
  "fields": {
    "source_id": "1a4da1ab",
    "name": "CENTRO DE NILÓPOLIS",
    "is_active": true
  }
},
{
  "model": "schedules.neighborhood",
  "pk": 91,
  "fields": {
    "source_id": "6ffe1127",
    "name": "CENTRO DE NOVA IGUAÇU",
    "is_active": true
  }
},
{
  "model": "schedules.neighborhood",
  "pk": 92,
  "fields": {
    "source_id": "575b5b47",
    "name": "CENTRO DE PARAIBA DO SUL",
    "is_active": true
  }
},
{
  "model": "schedules.neighborhood",
  "pk": 93,
  "fields": {
    "source_id": "ee3ab120",
    "name": "CENTRO DE PETRÓPOLIS",
    "is_active": true
  }
},
{
  "model": "schedules.neighborhood",
  "pk": 94,
  "fields": {
    "source_id": "f87b05db",
    "name": "CENTRO DE PIRAÍ",
    "is_active": true
  }
},
{
  "model": "schedules.neighborhood",
  "pk": 95,
  "fields": {
    "source_id": "b9e4939f",
    "name": "CENTRO DE QUEIMADOS",
    "is_active": true
  }
},
{
  "model": "schedules.neighborhood",
  "pk": 96,
  "fields": {
    "source_id": "18a8e7fe",
    "name": "CENTRO DE SÃO FRANCISCO DE ITABAPOANA",
    "is_active": true
  }
},
{
  "model": "schedules.neighborhood",
  "pk": 97,
  "fields": {
    "source_id": "2b5da2f8",
    "name": "Centro de São Gonçalo",
    "is_active": true
  }
},
{
  "model": "schedules.neighborhood",
  "pk": 98,
  "fields": {
    "source_id": "7729f2cd",
    "name": "CENTRO DE SÃO JOÃO DE MERITI",
    "is_active": true
  }
},
{
  "model": "schedules.neighborhood",
  "pk": 99,
  "fields": {
    "source_id": "4f311f74",
    "name": "CENTRO DE SÃO JOSÉ DE UBÁ",
    "is_active": true
  }
},
{
  "model": "schedules.neighborhood",
  "pk": 100,
  "fields": {
    "source_id": "8d136cd9",
    "name": "Centro de Sapucaia",
    "is_active": true
  }
},
{
  "model": "schedules.neighborhood",
  "pk": 101,
  "fields": {
    "source_id": "1c1d452d",
    "name": "Centro de Saquarema",
    "is_active": true
  }
},
{
  "model": "schedules.neighborhood",
  "pk": 102,
  "fields": {
    "source_id": "753e81cf",
    "name": "CENTRO DE TANGUÁ",
    "is_active": true
  }
},
{
  "model": "schedules.neighborhood",
  "pk": 103,
  "fields": {
    "source_id": "35b3dd06",
    "name": "CENTRO DE VALENÇA",
    "is_active": true
  }
},
{
  "model": "schedules.neighborhood",
  "pk": 104,
  "fields": {
    "source_id": "374ee447",
    "name": "CENTRO DE VASSOURAS",
    "is_active": true
  }
},
{
  "model": "schedules.neighborhood",
  "pk": 105,
  "fields": {
    "source_id": "09492cb3",
    "name": "CENTRO DO RIO DAS FLORES",
    "is_active": true
  }
},
{
  "model": "schedules.neighborhood",
  "pk": 106,
  "fields": {
    "source_id": "44cc623a",
    "name": "CENTRO NILÓPOLIS",
    "is_active": true
  }
},
{
  "model": "schedules.neighborhood",
  "pk": 107,
  "fields": {
    "source_id": "e9fb147a",
    "name": "CENTRO NITERÓI",
    "is_active": true
  }
},
{
  "model": "schedules.neighborhood",
  "pk": 108,
  "fields": {
    "source_id": "",
    "name": "Centro Nova Iguaçu",
    "is_active": true
  }
},
{
  "model": "schedules.neighborhood",
  "pk": 109,
  "fields": {
    "source_id": "7b43ae1c",
    "name": "CENTRO PETRÓPOLIS",
    "is_active": true
  }
},
{
  "model": "schedules.neighborhood",
  "pk": 110,
  "fields": {
    "source_id": "9f13304c",
    "name": "CENTRO RJ",
    "is_active": true
  }
},
{
  "model": "schedules.neighborhood",
  "pk": 111,
  "fields": {
    "source_id": "",
    "name": "Centro, RJ",
    "is_active": true
  }
},
{
  "model": "schedules.neighborhood",
  "pk": 112,
  "fields": {
    "source_id": "",
    "name": "CHACARA RIO PETROPOLIS",
    "is_active": true
  }
},
{
  "model": "schedules.neighborhood",
  "pk": 113,
  "fields": {
    "source_id": "",
    "name": "Chácara Rio Petrópolis",
    "is_active": true
  }
},
{
  "model": "schedules.neighborhood",
  "pk": 114,
  "fields": {
    "source_id": "d1cdcaaf",
    "name": "Chácaras Rio-Petrópolis",
    "is_active": true
  }
},
{
  "model": "schedules.neighborhood",
  "pk": 115,
  "fields": {
    "source_id": "",
    "name": "Chatuba",
    "is_active": true
  }
},
{
  "model": "schedules.neighborhood",
  "pk": 116,
  "fields": {
    "source_id": "7692f130",
    "name": "CIDADE NOVA",
    "is_active": true
  }
},
{
  "model": "schedules.neighborhood",
  "pk": 117,
  "fields": {
    "source_id": "c6d3be47",
    "name": "CIDADE NOVA ITAPERUNA",
    "is_active": true
  }
},
{
  "model": "schedules.neighborhood",
  "pk": 118,
  "fields": {
    "source_id": "A53",
    "name": "Cidade Universitária",
    "is_active": true
  }
},
{
  "model": "schedules.neighborhood",
  "pk": 119,
  "fields": {
    "source_id": "",
    "name": "Cinelandia",
    "is_active": true
  }
},
{
  "model": "schedules.neighborhood",
  "pk": 120,
  "fields": {
    "source_id": "A54",
    "name": "Cocotá",
    "is_active": true
  }
},
{
  "model": "schedules.neighborhood",
  "pk": 121,
  "fields": {
    "source_id": "A78",
    "name": "Coelho Neto",
    "is_active": true
  }
},
{
  "model": "schedules.neighborhood",
  "pk": 122,
  "fields": {
    "source_id": "A79",
    "name": "Colégio",
    "is_active": true
  }
},
{
  "model": "schedules.neighborhood",
  "pk": 123,
  "fields": {
    "source_id": "8211c28e",
    "name": "Comendador Soares",
    "is_active": true
  }
},
{
  "model": "schedules.neighborhood",
  "pk": 124,
  "fields": {
    "source_id": "A80",
    "name": "Complexo do Alemão",
    "is_active": true
  }
},
{
  "model": "schedules.neighborhood",
  "pk": 125,
  "fields": {
    "source_id": "e7d71d18",
    "name": "CONFORTO",
    "is_active": true
  }
},
{
  "model": "schedules.neighborhood",
  "pk": 126,
  "fields": {
    "source_id": "c1d27d4c",
    "name": "Conselheiro Paulino",
    "is_active": true
  }
},
{
  "model": "schedules.neighborhood",
  "pk": 127,
  "fields": {
    "source_id": "1bcad9bf",
    "name": "CONSERVATÓRIA",
    "is_active": true
  }
},
{
  "model": "schedules.neighborhood",
  "pk": 128,
  "fields": {
    "source_id": "f2d92743",
    "name": "COPACABANA",
    "is_active": true
  }
},
{
  "model": "schedules.neighborhood",
  "pk": 129,
  "fields": {
    "source_id": "A81",
    "name": "Cordovil",
    "is_active": true
  }
},
{
  "model": "schedules.neighborhood",
  "pk": 130,
  "fields": {
    "source_id": "a1741848",
    "name": "Corrego Dantas",
    "is_active": true
  }
},
{
  "model": "schedules.neighborhood",
  "pk": 131,
  "fields": {
    "source_id": "5fe315fa",
    "name": "COSME VELHO",
    "is_active": true
  }
},
{
  "model": "schedules.neighborhood",
  "pk": 132,
  "fields": {
    "source_id": "A14",
    "name": "Cosmos",
    "is_active": true
  }
},
{
  "model": "schedules.neighborhood",
  "pk": 133,
  "fields": {
    "source_id": "A82",
    "name": "Costa Barros",
    "is_active": true
  }
},
{
  "model": "schedules.neighborhood",
  "pk": 134,
  "fields": {
    "source_id": "32e8ff4f",
    "name": "Curicica",
    "is_active": true
  }
},
{
  "model": "schedules.neighborhood",
  "pk": 135,
  "fields": {
    "source_id": "A32",
    "name": "Del Castilho",
    "is_active": true
  }
},
{
  "model": "schedules.neighborhood",
  "pk": 136,
  "fields": {
    "source_id": "A2",
    "name": "Deodoro",
    "is_active": true
  }
},
{
  "model": "schedules.neighborhood",
  "pk": 137,
  "fields": {
    "source_id": "17ba5be9",
    "name": "Duas Pedras",
    "is_active": true
  }
},
{
  "model": "schedules.neighborhood",
  "pk": 138,
  "fields": {
    "source_id": "e0ec0336",
    "name": "Duque de Caxias",
    "is_active": true
  }
},
{
  "model": "schedules.neighborhood",
  "pk": 139,
  "fields": {
    "source_id": "12acac7b",
    "name": "ÉDEN",
    "is_active": true
  }
},
{
  "model": "schedules.neighborhood",
  "pk": 140,
  "fields": {
    "source_id": "235366b0",
    "name": "ELDORADO",
    "is_active": true
  }
},
{
  "model": "schedules.neighborhood",
  "pk": 141,
  "fields": {
    "source_id": "A33",
    "name": "Encantado",
    "is_active": true
  }
},
{
  "model": "schedules.neighborhood",
  "pk": 142,
  "fields": {
    "source_id": "A83",
    "name": "Engenheiro Leal",
    "is_active": true
  }
},
{
  "model": "schedules.neighborhood",
  "pk": 143,
  "fields": {
    "source_id": "",
    "name": "Engenheiro Pedreira",
    "is_active": true
  }
},
{
  "model": "schedules.neighborhood",
  "pk": 144,
  "fields": {
    "source_id": "A84",
    "name": "Engenho da Rainha",
    "is_active": true
  }
},
{
  "model": "schedules.neighborhood",
  "pk": 145,
  "fields": {
    "source_id": "A34",
    "name": "Engenho de Dentro",
    "is_active": true
  }
},
{
  "model": "schedules.neighborhood",
  "pk": 146,
  "fields": {
    "source_id": "A35",
    "name": "Engenho Novo",
    "is_active": true
  }
},
{
  "model": "schedules.neighborhood",
  "pk": 147,
  "fields": {
    "source_id": "d9024737",
    "name": "Engenhoca",
    "is_active": true
  }
},
{
  "model": "schedules.neighborhood",
  "pk": 148,
  "fields": {
    "source_id": "c0c62d11",
    "name": "Estácio",
    "is_active": true
  }
},
{
  "model": "schedules.neighborhood",
  "pk": 149,
  "fields": {
    "source_id": "a5c08938",
    "name": "Figueira",
    "is_active": true
  }
},
{
  "model": "schedules.neighborhood",
  "pk": 150,
  "fields": {
    "source_id": "34a39690",
    "name": "FLAMENGO",
    "is_active": true
  }
},
{
  "model": "schedules.neighborhood",
  "pk": 151,
  "fields": {
    "source_id": "ed2ebe16",
    "name": "Fonseca",
    "is_active": true
  }
},
{
  "model": "schedules.neighborhood",
  "pk": 152,
  "fields": {
    "source_id": "A55",
    "name": "Freguesia",
    "is_active": true
  }
},
{
  "model": "schedules.neighborhood",
  "pk": 153,
  "fields": {
    "source_id": "",
    "name": "Freguesia - Jacarepaguá",
    "is_active": true
  }
},
{
  "model": "schedules.neighborhood",
  "pk": 154,
  "fields": {
    "source_id": "A56",
    "name": "Galeão",
    "is_active": true
  }
},
{
  "model": "schedules.neighborhood",
  "pk": 155,
  "fields": {
    "source_id": "177748ef",
    "name": "GAMBOA",
    "is_active": true
  }
},
{
  "model": "schedules.neighborhood",
  "pk": 156,
  "fields": {
    "source_id": "2e6b1049",
    "name": "GÁVEA",
    "is_active": true
  }
},
{
  "model": "schedules.neighborhood",
  "pk": 157,
  "fields": {
    "source_id": "A3",
    "name": "Gericinó",
    "is_active": true
  }
},
{
  "model": "schedules.neighborhood",
  "pk": 158,
  "fields": {
    "source_id": "a799aaa0",
    "name": "GLÓRIA",
    "is_active": true
  }
},
{
  "model": "schedules.neighborhood",
  "pk": 159,
  "fields": {
    "source_id": "eaebe838",
    "name": "GLÓRIA MACAÉ",
    "is_active": true
  }
},
{
  "model": "schedules.neighborhood",
  "pk": 160,
  "fields": {
    "source_id": "A24",
    "name": "Grajaú",
    "is_active": true
  }
},
{
  "model": "schedules.neighborhood",
  "pk": 161,
  "fields": {
    "source_id": "A85",
    "name": "Guadalupe",
    "is_active": true
  }
},
{
  "model": "schedules.neighborhood",
  "pk": 162,
  "fields": {
    "source_id": "A15",
    "name": "Guaratiba",
    "is_active": true
  }
},
{
  "model": "schedules.neighborhood",
  "pk": 163,
  "fields": {
    "source_id": "",
    "name": "GUAXINDIBA",
    "is_active": true
  }
},
{
  "model": "schedules.neighborhood",
  "pk": 164,
  "fields": {
    "source_id": "A36",
    "name": "Higienópolis",
    "is_active": true
  }
},
{
  "model": "schedules.neighborhood",
  "pk": 165,
  "fields": {
    "source_id": "A86",
    "name": "Honório Gurgel",
    "is_active": true
  }
},
{
  "model": "schedules.neighborhood",
  "pk": 166,
  "fields": {
    "source_id": "1bcfaa60",
    "name": "HUMAITÁ",
    "is_active": true
  }
},
{
  "model": "schedules.neighborhood",
  "pk": 167,
  "fields": {
    "source_id": "ca45d4c6",
    "name": "ICARAÍ",
    "is_active": true
  }
},
{
  "model": "schedules.neighborhood",
  "pk": 168,
  "fields": {
    "source_id": "e19d11ad",
    "name": "ICONHA",
    "is_active": true
  }
},
{
  "model": "schedules.neighborhood",
  "pk": 169,
  "fields": {
    "source_id": "45493a47",
    "name": "IITAPERUNA",
    "is_active": true
  }
},
{
  "model": "schedules.neighborhood",
  "pk": 170,
  "fields": {
    "source_id": "ad925bd5",
    "name": "Ilha da Conceição",
    "is_active": true
  }
},
{
  "model": "schedules.neighborhood",
  "pk": 171,
  "fields": {
    "source_id": "b3254971",
    "name": "Ilha da Madeira",
    "is_active": true
  }
},
{
  "model": "schedules.neighborhood",
  "pk": 172,
  "fields": {
    "source_id": "4cd1e8f2",
    "name": "ILHA DE GUARATIBA",
    "is_active": true
  }
},
{
  "model": "schedules.neighborhood",
  "pk": 173,
  "fields": {
    "source_id": "1999d1ac",
    "name": "ILHA DO GOVERNADOR",
    "is_active": true
  }
},
{
  "model": "schedules.neighborhood",
  "pk": 174,
  "fields": {
    "source_id": "",
    "name": "Ilha do governador e Centro",
    "is_active": true
  }
},
{
  "model": "schedules.neighborhood",
  "pk": 175,
  "fields": {
    "source_id": "bf6c0ecd",
    "name": "IMBETIBA",
    "is_active": true
  }
},
{
  "model": "schedules.neighborhood",
  "pk": 176,
  "fields": {
    "source_id": "31b84e4a",
    "name": "INDAIATUBA",
    "is_active": true
  }
},
{
  "model": "schedules.neighborhood",
  "pk": 177,
  "fields": {
    "source_id": "",
    "name": "Inhauma",
    "is_active": true
  }
},
{
  "model": "schedules.neighborhood",
  "pk": 178,
  "fields": {
    "source_id": "A87",
    "name": "Inhaúma",
    "is_active": true
  }
},
{
  "model": "schedules.neighborhood",
  "pk": 179,
  "fields": {
    "source_id": "A16",
    "name": "Inhoaíba",
    "is_active": true
  }
},
{
  "model": "schedules.neighborhood",
  "pk": 180,
  "fields": {
    "source_id": "f752f979",
    "name": "INOÃ",
    "is_active": true
  }
},
{
  "model": "schedules.neighborhood",
  "pk": 181,
  "fields": {
    "source_id": "8247da84",
    "name": "IPANEMA",
    "is_active": true
  }
},
{
  "model": "schedules.neighborhood",
  "pk": 182,
  "fields": {
    "source_id": "72f2de85",
    "name": "Ipiranga",
    "is_active": true
  }
},
{
  "model": "schedules.neighborhood",
  "pk": 183,
  "fields": {
    "source_id": "779e380b",
    "name": "Ipituna",
    "is_active": true
  }
},
{
  "model": "schedules.neighborhood",
  "pk": 184,
  "fields": {
    "source_id": "A88",
    "name": "Irajá",
    "is_active": true
  }
},
{
  "model": "schedules.neighborhood",
  "pk": 185,
  "fields": {
    "source_id": "18b9fb2f",
    "name": "ITABORAÍ",
    "is_active": true
  }
},
{
  "model": "schedules.neighborhood",
  "pk": 186,
  "fields": {
    "source_id": "",
    "name": "Itaguaí",
    "is_active": true
  }
},
{
  "model": "schedules.neighborhood",
  "pk": 187,
  "fields": {
    "source_id": "4cb9e882",
    "name": "ITAIPAVA",
    "is_active": true
  }
},
{
  "model": "schedules.neighborhood",
  "pk": 188,
  "fields": {
    "source_id": "7b85be8c",
    "name": "ITAIPU",
    "is_active": true
  }
},
{
  "model": "schedules.neighborhood",
  "pk": 189,
  "fields": {
    "source_id": "d6d848d5",
    "name": "Itaipuaçu",
    "is_active": true
  }
},
{
  "model": "schedules.neighborhood",
  "pk": 190,
  "fields": {
    "source_id": "1af76004",
    "name": "ITAPUAÇU",
    "is_active": true
  }
},
{
  "model": "schedules.neighborhood",
  "pk": 191,
  "fields": {
    "source_id": "A37",
    "name": "Jacaré",
    "is_active": true
  }
},
{
  "model": "schedules.neighborhood",
  "pk": 192,
  "fields": {
    "source_id": "",
    "name": "Jacarepagua",
    "is_active": true
  }
},
{
  "model": "schedules.neighborhood",
  "pk": 193,
  "fields": {
    "source_id": "6b975ca5",
    "name": "JACAREPAGUÁ",
    "is_active": true
  }
},
{
  "model": "schedules.neighborhood",
  "pk": 194,
  "fields": {
    "source_id": "A38",
    "name": "Jacarezinho",
    "is_active": true
  }
},
{
  "model": "schedules.neighborhood",
  "pk": 195,
  "fields": {
    "source_id": "a484701d",
    "name": "Jamapará",
    "is_active": true
  }
},
{
  "model": "schedules.neighborhood",
  "pk": 196,
  "fields": {
    "source_id": "A89",
    "name": "Jardim América",
    "is_active": true
  }
},
{
  "model": "schedules.neighborhood",
  "pk": 197,
  "fields": {
    "source_id": "a00f8fb5",
    "name": "JARDIM BOTÂNICO",
    "is_active": true
  }
},
{
  "model": "schedules.neighborhood",
  "pk": 198,
  "fields": {
    "source_id": "A57",
    "name": "Jardim Carioca",
    "is_active": true
  }
},
{
  "model": "schedules.neighborhood",
  "pk": 199,
  "fields": {
    "source_id": "e8501e72",
    "name": "JARDIM GRAMACHO",
    "is_active": true
  }
},
{
  "model": "schedules.neighborhood",
  "pk": 200,
  "fields": {
    "source_id": "A58",
    "name": "Jardim Guanabara",
    "is_active": true
  }
},
{
  "model": "schedules.neighborhood",
  "pk": 201,
  "fields": {
    "source_id": "9e398e8f",
    "name": "Jardim Iguaçu",
    "is_active": true
  }
},
{
  "model": "schedules.neighborhood",
  "pk": 202,
  "fields": {
    "source_id": "903effc3",
    "name": "Jardim José Bonifácio",
    "is_active": true
  }
},
{
  "model": "schedules.neighborhood",
  "pk": 203,
  "fields": {
    "source_id": "750f1ede",
    "name": "Jardim Marajoara",
    "is_active": true
  }
},
{
  "model": "schedules.neighborhood",
  "pk": 204,
  "fields": {
    "source_id": "",
    "name": "Jardim Morada",
    "is_active": true
  }
},
{
  "model": "schedules.neighborhood",
  "pk": 205,
  "fields": {
    "source_id": "",
    "name": "jardim morada da aldeia",
    "is_active": true
  }
},
{
  "model": "schedules.neighborhood",
  "pk": 206,
  "fields": {
    "source_id": "9c7e520c",
    "name": "JARDIM PARAÍBA",
    "is_active": true
  }
},
{
  "model": "schedules.neighborhood",
  "pk": 207,
  "fields": {
    "source_id": "8ea07cd5",
    "name": "Jardim Paraiso",
    "is_active": true
  }
},
{
  "model": "schedules.neighborhood",
  "pk": 208,
  "fields": {
    "source_id": "",
    "name": "Jardim Paraíso",
    "is_active": true
  }
},
{
  "model": "schedules.neighborhood",
  "pk": 209,
  "fields": {
    "source_id": "A4",
    "name": "Jardim Sulacap",
    "is_active": true
  }
},
{
  "model": "schedules.neighborhood",
  "pk": 210,
  "fields": {
    "source_id": "90b0121f",
    "name": "JARDIM TROPICAL",
    "is_active": true
  }
},
{
  "model": "schedules.neighborhood",
  "pk": 211,
  "fields": {
    "source_id": "4f20401b",
    "name": "Jardim Vinte e Cinco de Agosto",
    "is_active": true
  }
},
{
  "model": "schedules.neighborhood",
  "pk": 212,
  "fields": {
    "source_id": "",
    "name": "Jurujuba",
    "is_active": true
  }
},
{
  "model": "schedules.neighborhood",
  "pk": 213,
  "fields": {
    "source_id": "6f4a39a2",
    "name": "LAGOA",
    "is_active": true
  }
},
{
  "model": "schedules.neighborhood",
  "pk": 214,
  "fields": {
    "source_id": "9444ab25",
    "name": "Lagoa Rodrigos de Freitas",
    "is_active": true
  }
},
{
  "model": "schedules.neighborhood",
  "pk": 215,
  "fields": {
    "source_id": "750af28c",
    "name": "LAGOINHA",
    "is_active": true
  }
},
{
  "model": "schedules.neighborhood",
  "pk": 216,
  "fields": {
    "source_id": "644a65aa",
    "name": "LAPA",
    "is_active": true
  }
},
{
  "model": "schedules.neighborhood",
  "pk": 217,
  "fields": {
    "source_id": "2070ebe5",
    "name": "Laranjais",
    "is_active": true
  }
},
{
  "model": "schedules.neighborhood",
  "pk": 218,
  "fields": {
    "source_id": "c6700186",
    "name": "LARANJAL",
    "is_active": true
  }
},
{
  "model": "schedules.neighborhood",
  "pk": 219,
  "fields": {
    "source_id": "0aebd771",
    "name": "LARANJEIRAS",
    "is_active": true
  }
},
{
  "model": "schedules.neighborhood",
  "pk": 220,
  "fields": {
    "source_id": "61c6cfee",
    "name": "LEBLON",
    "is_active": true
  }
},
{
  "model": "schedules.neighborhood",
  "pk": 221,
  "fields": {
    "source_id": "0793b3f6",
    "name": "LEME",
    "is_active": true
  }
},
{
  "model": "schedules.neighborhood",
  "pk": 222,
  "fields": {
    "source_id": "A39",
    "name": "Lins de Vasconcelos",
    "is_active": true
  }
},
{
  "model": "schedules.neighborhood",
  "pk": 223,
  "fields": {
    "source_id": "A90",
    "name": "Madureira",
    "is_active": true
  }
},
{
  "model": "schedules.neighborhood",
  "pk": 224,
  "fields": {
    "source_id": "A5",
    "name": "Magalhães Bastos",
    "is_active": true
  }
},
{
  "model": "schedules.neighborhood",
  "pk": 225,
  "fields": {
    "source_id": "f16e62a8",
    "name": "MANEJO",
    "is_active": true
  }
},
{
  "model": "schedules.neighborhood",
  "pk": 226,
  "fields": {
    "source_id": "d9335017",
    "name": "Manguariba",
    "is_active": true
  }
},
{
  "model": "schedules.neighborhood",
  "pk": 227,
  "fields": {
    "source_id": "A40",
    "name": "Manguinhos",
    "is_active": true
  }
},
{
  "model": "schedules.neighborhood",
  "pk": 228,
  "fields": {
    "source_id": "A25",
    "name": "Maracanã",
    "is_active": true
  }
},
{
  "model": "schedules.neighborhood",
  "pk": 229,
  "fields": {
    "source_id": "A59",
    "name": "Maré",
    "is_active": true
  }
},
{
  "model": "schedules.neighborhood",
  "pk": 230,
  "fields": {
    "source_id": "A91",
    "name": "Marechal Hermes",
    "is_active": true
  }
},
{
  "model": "schedules.neighborhood",
  "pk": 231,
  "fields": {
    "source_id": "A41",
    "name": "Maria da Graça",
    "is_active": true
  }
},
{
  "model": "schedules.neighborhood",
  "pk": 232,
  "fields": {
    "source_id": "bc830ea9",
    "name": "MATADOURO",
    "is_active": true
  }
},
{
  "model": "schedules.neighborhood",
  "pk": 233,
  "fields": {
    "source_id": "ade39eee",
    "name": "MAUÁ",
    "is_active": true
  }
},
{
  "model": "schedules.neighborhood",
  "pk": 234,
  "fields": {
    "source_id": "",
    "name": "Meier",
    "is_active": true
  }
},
{
  "model": "schedules.neighborhood",
  "pk": 235,
  "fields": {
    "source_id": "A42",
    "name": "Méier",
    "is_active": true
  }
},
{
  "model": "schedules.neighborhood",
  "pk": 236,
  "fields": {
    "source_id": "16c145f7",
    "name": "MINISTRO SÁ TINOCO",
    "is_active": true
  }
},
{
  "model": "schedules.neighborhood",
  "pk": 237,
  "fields": {
    "source_id": "A60",
    "name": "Moneró",
    "is_active": true
  }
},
{
  "model": "schedules.neighborhood",
  "pk": 238,
  "fields": {
    "source_id": "33ffbdb8",
    "name": "Monnerat",
    "is_active": true
  }
},
{
  "model": "schedules.neighborhood",
  "pk": 239,
  "fields": {
    "source_id": "16563882",
    "name": "Monte líbano",
    "is_active": true
  }
},
{
  "model": "schedules.neighborhood",
  "pk": 240,
  "fields": {
    "source_id": "",
    "name": "MORADA DA COLINA",
    "is_active": true
  }
},
{
  "model": "schedules.neighborhood",
  "pk": 241,
  "fields": {
    "source_id": "dd65d3e0",
    "name": "NEVES",
    "is_active": true
  }
},
{
  "model": "schedules.neighborhood",
  "pk": 242,
  "fields": {
    "source_id": "5b062a76",
    "name": "NITERÓI",
    "is_active": true
  }
},
{
  "model": "schedules.neighborhood",
  "pk": 243,
  "fields": {
    "source_id": "50a1c3f2",
    "name": "Nossa Senhora Aparecida",
    "is_active": true
  }
},
{
  "model": "schedules.neighborhood",
  "pk": 244,
  "fields": {
    "source_id": "7169f51a",
    "name": "NOSSA SENHORADE SANTANA",
    "is_active": true
  }
},
{
  "model": "schedules.neighborhood",
  "pk": 245,
  "fields": {
    "source_id": "",
    "name": "Nova Cidade",
    "is_active": true
  }
},
{
  "model": "schedules.neighborhood",
  "pk": 246,
  "fields": {
    "source_id": "1855c0fb",
    "name": "NOVA IGUAÇU",
    "is_active": true
  }
},
{
  "model": "schedules.neighborhood",
  "pk": 247,
  "fields": {
    "source_id": "f7477d67",
    "name": "Nova São Pedro",
    "is_active": true
  }
},
{
  "model": "schedules.neighborhood",
  "pk": 248,
  "fields": {
    "source_id": "A61",
    "name": "Olaria",
    "is_active": true
  }
},
{
  "model": "schedules.neighborhood",
  "pk": 249,
  "fields": {
    "source_id": "6d779e8a",
    "name": "OLINDA",
    "is_active": true
  }
},
{
  "model": "schedules.neighborhood",
  "pk": 250,
  "fields": {
    "source_id": "A92",
    "name": "Oswaldo Cruz",
    "is_active": true
  }
},
{
  "model": "schedules.neighborhood",
  "pk": 251,
  "fields": {
    "source_id": "47ddc7f8",
    "name": "Ouro Fino",
    "is_active": true
  }
},
{
  "model": "schedules.neighborhood",
  "pk": 252,
  "fields": {
    "source_id": "A17",
    "name": "Paciência",
    "is_active": true
  }
},
{
  "model": "schedules.neighborhood",
  "pk": 253,
  "fields": {
    "source_id": "A6",
    "name": "Padre Miguel",
    "is_active": true
  }
},
{
  "model": "schedules.neighborhood",
  "pk": 254,
  "fields": {
    "source_id": "A93",
    "name": "Parada de Lucas",
    "is_active": true
  }
},
{
  "model": "schedules.neighborhood",
  "pk": 255,
  "fields": {
    "source_id": "6cb20b50",
    "name": "PARAÍSO",
    "is_active": true
  }
},
{
  "model": "schedules.neighborhood",
  "pk": 256,
  "fields": {
    "source_id": "9a902e73",
    "name": "PARQUE AEROPORTO",
    "is_active": true
  }
},
{
  "model": "schedules.neighborhood",
  "pk": 257,
  "fields": {
    "source_id": "A94",
    "name": "Parque Anchieta",
    "is_active": true
  }
},
{
  "model": "schedules.neighborhood",
  "pk": 258,
  "fields": {
    "source_id": "A95",
    "name": "Parque Colúmbia",
    "is_active": true
  }
},
{
  "model": "schedules.neighborhood",
  "pk": 259,
  "fields": {
    "source_id": "b2b21b6c",
    "name": "Parque Corrientes",
    "is_active": true
  }
},
{
  "model": "schedules.neighborhood",
  "pk": 260,
  "fields": {
    "source_id": "f748485d",
    "name": "Parque Duque",
    "is_active": true
  }
},
{
  "model": "schedules.neighborhood",
  "pk": 261,
  "fields": {
    "source_id": "5d9ce59d",
    "name": "PARQUE ELDORADO",
    "is_active": true
  }
},
{
  "model": "schedules.neighborhood",
  "pk": 262,
  "fields": {
    "source_id": "e8b7d593",
    "name": "Parque Lafaiete",
    "is_active": true
  }
},
{
  "model": "schedules.neighborhood",
  "pk": 263,
  "fields": {
    "source_id": "be8b60c5",
    "name": "PARQUE PAULISTA",
    "is_active": true
  }
},
{
  "model": "schedules.neighborhood",
  "pk": 264,
  "fields": {
    "source_id": "51de3fc0",
    "name": "Parque Rosário",
    "is_active": true
  }
},
{
  "model": "schedules.neighborhood",
  "pk": 265,
  "fields": {
    "source_id": "739a2d1e",
    "name": "PARQUE SÃO JORGE",
    "is_active": true
  }
},
{
  "model": "schedules.neighborhood",
  "pk": 266,
  "fields": {
    "source_id": "A96",
    "name": "Pavuna",
    "is_active": true
  }
},
{
  "model": "schedules.neighborhood",
  "pk": 267,
  "fields": {
    "source_id": "871fee19",
    "name": "PECHINCHA",
    "is_active": true
  }
},
{
  "model": "schedules.neighborhood",
  "pk": 268,
  "fields": {
    "source_id": "A18",
    "name": "Pedra de Guaratiba",
    "is_active": true
  }
},
{
  "model": "schedules.neighborhood",
  "pk": 269,
  "fields": {
    "source_id": "05e7715a",
    "name": "PENDOTIBA",
    "is_active": true
  }
},
{
  "model": "schedules.neighborhood",
  "pk": 270,
  "fields": {
    "source_id": "16f9d4ab",
    "name": "Penedo",
    "is_active": true
  }
},
{
  "model": "schedules.neighborhood",
  "pk": 271,
  "fields": {
    "source_id": "A97",
    "name": "Penha",
    "is_active": true
  }
},
{
  "model": "schedules.neighborhood",
  "pk": 272,
  "fields": {
    "source_id": "A98",
    "name": "Penha Circular",
    "is_active": true
  }
},
{
  "model": "schedules.neighborhood",
  "pk": 273,
  "fields": {
    "source_id": "A43",
    "name": "Piedade",
    "is_active": true
  }
},
{
  "model": "schedules.neighborhood",
  "pk": 274,
  "fields": {
    "source_id": "",
    "name": "Pilar",
    "is_active": true
  }
},
{
  "model": "schedules.neighborhood",
  "pk": 275,
  "fields": {
    "source_id": "A44",
    "name": "Pilares",
    "is_active": true
  }
},
{
  "model": "schedules.neighborhood",
  "pk": 276,
  "fields": {
    "source_id": "9ab23e43",
    "name": "PINHÃO",
    "is_active": true
  }
},
{
  "model": "schedules.neighborhood",
  "pk": 277,
  "fields": {
    "source_id": "A62",
    "name": "Pitangueiras",
    "is_active": true
  }
},
{
  "model": "schedules.neighborhood",
  "pk": 278,
  "fields": {
    "source_id": "ce03cfb2",
    "name": "Ponta Dareia",
    "is_active": true
  }
},
{
  "model": "schedules.neighborhood",
  "pk": 279,
  "fields": {
    "source_id": "d0b201a4",
    "name": "PONTA NEGRA",
    "is_active": true
  }
},
{
  "model": "schedules.neighborhood",
  "pk": 280,
  "fields": {
    "source_id": "e6ee6643",
    "name": "Ponte dos Leites",
    "is_active": true
  }
},
{
  "model": "schedules.neighborhood",
  "pk": 281,
  "fields": {
    "source_id": "7202b541",
    "name": "PONTE LEMOS",
    "is_active": true
  }
},
{
  "model": "schedules.neighborhood",
  "pk": 282,
  "fields": {
    "source_id": "54a540cb",
    "name": "portal das mansões",
    "is_active": true
  }
},
{
  "model": "schedules.neighborhood",
  "pk": 283,
  "fields": {
    "source_id": "6361902f",
    "name": "PORTO AÇU",
    "is_active": true
  }
},
{
  "model": "schedules.neighborhood",
  "pk": 284,
  "fields": {
    "source_id": "15229f1c",
    "name": "PORTO DO TABUADO",
    "is_active": true
  }
},
{
  "model": "schedules.neighborhood",
  "pk": 285,
  "fields": {
    "source_id": "A63",
    "name": "Portuguesa",
    "is_active": true
  }
},
{
  "model": "schedules.neighborhood",
  "pk": 286,
  "fields": {
    "source_id": "",
    "name": "Pq. Santo Amaro",
    "is_active": true
  }
},
{
  "model": "schedules.neighborhood",
  "pk": 287,
  "fields": {
    "source_id": "A26",
    "name": "Praça da Bandeira",
    "is_active": true
  }
},
{
  "model": "schedules.neighborhood",
  "pk": 288,
  "fields": {
    "source_id": "",
    "name": "Praça do Suspiro - Centro",
    "is_active": true
  }
},
{
  "model": "schedules.neighborhood",
  "pk": 289,
  "fields": {
    "source_id": "8e962aff",
    "name": "PRAÇA SECA",
    "is_active": true
  }
},
{
  "model": "schedules.neighborhood",
  "pk": 290,
  "fields": {
    "source_id": "86f47d09",
    "name": "PRADO",
    "is_active": true
  }
},
{
  "model": "schedules.neighborhood",
  "pk": 291,
  "fields": {
    "source_id": "30cc5e77",
    "name": "PRADO-FRIBURGO",
    "is_active": true
  }
},
{
  "model": "schedules.neighborhood",
  "pk": 292,
  "fields": {
    "source_id": "",
    "name": "Prado friburgo",
    "is_active": true
  }
},
{
  "model": "schedules.neighborhood",
  "pk": 293,
  "fields": {
    "source_id": "a7921bbc",
    "name": "Prados Verdes",
    "is_active": true
  }
},
{
  "model": "schedules.neighborhood",
  "pk": 294,
  "fields": {
    "source_id": "A64",
    "name": "Praia da Bandeira",
    "is_active": true
  }
},
{
  "model": "schedules.neighborhood",
  "pk": 295,
  "fields": {
    "source_id": "0d4249c1",
    "name": "Prainha",
    "is_active": true
  }
},
{
  "model": "schedules.neighborhood",
  "pk": 296,
  "fields": {
    "source_id": "A99",
    "name": "Quintino Bocaiuva",
    "is_active": true
  }
},
{
  "model": "schedules.neighborhood",
  "pk": 297,
  "fields": {
    "source_id": "379c5f01",
    "name": "Quitandinha",
    "is_active": true
  }
},
{
  "model": "schedules.neighborhood",
  "pk": 298,
  "fields": {
    "source_id": "A65",
    "name": "Ramos",
    "is_active": true
  }
},
{
  "model": "schedules.neighborhood",
  "pk": 299,
  "fields": {
    "source_id": "d88b4370",
    "name": "RANCHO NOVO",
    "is_active": true
  }
},
{
  "model": "schedules.neighborhood",
  "pk": 300,
  "fields": {
    "source_id": "A7",
    "name": "Realengo",
    "is_active": true
  }
},
{
  "model": "schedules.neighborhood",
  "pk": 301,
  "fields": {
    "source_id": "",
    "name": "Recreio",
    "is_active": true
  }
},
{
  "model": "schedules.neighborhood",
  "pk": 302,
  "fields": {
    "source_id": "8c55550d",
    "name": "RECREIO DOS BANDEIRANTES",
    "is_active": true
  }
},
{
  "model": "schedules.neighborhood",
  "pk": 303,
  "fields": {
    "source_id": "f4944a9e",
    "name": "Redentor",
    "is_active": true
  }
},
{
  "model": "schedules.neighborhood",
  "pk": 304,
  "fields": {
    "source_id": "A45",
    "name": "Riachuelo",
    "is_active": true
  }
},
{
  "model": "schedules.neighborhood",
  "pk": 305,
  "fields": {
    "source_id": "A66",
    "name": "Ribeira",
    "is_active": true
  }
},
{
  "model": "schedules.neighborhood",
  "pk": 306,
  "fields": {
    "source_id": "A100",
    "name": "Ricardo de Albuquerque",
    "is_active": true
  }
},
{
  "model": "schedules.neighborhood",
  "pk": 307,
  "fields": {
    "source_id": "ff56b254",
    "name": "Rio Bonito",
    "is_active": true
  }
},
{
  "model": "schedules.neighborhood",
  "pk": 308,
  "fields": {
    "source_id": "f8a66634",
    "name": "Rio Comprido",
    "is_active": true
  }
},
{
  "model": "schedules.neighborhood",
  "pk": 309,
  "fields": {
    "source_id": "",
    "name": "Rio comprido Rio de Janeiro",
    "is_active": true
  }
},
{
  "model": "schedules.neighborhood",
  "pk": 310,
  "fields": {
    "source_id": "ee2a44d7",
    "name": "RIO DAS OSTRAS",
    "is_active": true
  }
},
{
  "model": "schedules.neighborhood",
  "pk": 311,
  "fields": {
    "source_id": "",
    "name": "Rio das pedras",
    "is_active": true
  }
},
{
  "model": "schedules.neighborhood",
  "pk": 312,
  "fields": {
    "source_id": "155825fd",
    "name": "RIO DO OURO",
    "is_active": true
  }
},
{
  "model": "schedules.neighborhood",
  "pk": 313,
  "fields": {
    "source_id": "A46",
    "name": "Rocha",
    "is_active": true
  }
},
{
  "model": "schedules.neighborhood",
  "pk": 314,
  "fields": {
    "source_id": "A101",
    "name": "Rocha Miranda",
    "is_active": true
  }
},
{
  "model": "schedules.neighborhood",
  "pk": 315,
  "fields": {
    "source_id": "1dd08eb2",
    "name": "Rodilândia",
    "is_active": true
  }
},
{
  "model": "schedules.neighborhood",
  "pk": 316,
  "fields": {
    "source_id": "9b4db39e",
    "name": "SAMBAETIBA",
    "is_active": true
  }
},
{
  "model": "schedules.neighborhood",
  "pk": 317,
  "fields": {
    "source_id": "A47",
    "name": "Sampaio",
    "is_active": true
  }
},
{
  "model": "schedules.neighborhood",
  "pk": 318,
  "fields": {
    "source_id": "ee70f06d",
    "name": "SAMPAIO CORREA",
    "is_active": true
  }
},
{
  "model": "schedules.neighborhood",
  "pk": 319,
  "fields": {
    "source_id": "51deb151",
    "name": "Santa Cecilia",
    "is_active": true
  }
},
{
  "model": "schedules.neighborhood",
  "pk": 320,
  "fields": {
    "source_id": "",
    "name": "Santa Cecília",
    "is_active": true
  }
},
{
  "model": "schedules.neighborhood",
  "pk": 321,
  "fields": {
    "source_id": "A19",
    "name": "Santa Cruz",
    "is_active": true
  }
},
{
  "model": "schedules.neighborhood",
  "pk": 322,
  "fields": {
    "source_id": "3aff3cad",
    "name": "Santa Cruz - Campos dos Goytacazes",
    "is_active": true
  }
},
{
  "model": "schedules.neighborhood",
  "pk": 323,
  "fields": {
    "source_id": "70fee58a",
    "name": "SANTA CRUZ - VALENÇA",
    "is_active": true
  }
},
{
  "model": "schedules.neighborhood",
  "pk": 324,
  "fields": {
    "source_id": "aabded43",
    "name": "SANTA CRUZ DA SERRA",
    "is_active": true
  }
},
{
  "model": "schedules.neighborhood",
  "pk": 325,
  "fields": {
    "source_id": "",
    "name": "Santa Rita",
    "is_active": true
  }
},
{
  "model": "schedules.neighborhood",
  "pk": 326,
  "fields": {
    "source_id": "bd306384",
    "name": "Santa Rosa",
    "is_active": true
  }
},
{
  "model": "schedules.neighborhood",
  "pk": 327,
  "fields": {
    "source_id": "42f80687",
    "name": "Santa Teresa",
    "is_active": true
  }
},
{
  "model": "schedules.neighborhood",
  "pk": 328,
  "fields": {
    "source_id": "A8",
    "name": "Santíssimo",
    "is_active": true
  }
},
{
  "model": "schedules.neighborhood",
  "pk": 329,
  "fields": {
    "source_id": "1d65c154",
    "name": "SANTO ANTÔNIO",
    "is_active": true
  }
},
{
  "model": "schedules.neighborhood",
  "pk": 330,
  "fields": {
    "source_id": "34836ad0",
    "name": "SANTO ANTONIO DE PÁDUA",
    "is_active": true
  }
},
{
  "model": "schedules.neighborhood",
  "pk": 331,
  "fields": {
    "source_id": "c4deef8f",
    "name": "Santo Antônio de Pádua",
    "is_active": true
  }
},
{
  "model": "schedules.neighborhood",
  "pk": 332,
  "fields": {
    "source_id": "eb1abc71",
    "name": "SANTO CRISTO",
    "is_active": true
  }
},
{
  "model": "schedules.neighborhood",
  "pk": 333,
  "fields": {
    "source_id": "552ec4d9",
    "name": "SÃO CONRADO",
    "is_active": true
  }
},
{
  "model": "schedules.neighborhood",
  "pk": 334,
  "fields": {
    "source_id": "fe337ff0",
    "name": "SÃO CRISTÓVÃO",
    "is_active": true
  }
},
{
  "model": "schedules.neighborhood",
  "pk": 335,
  "fields": {
    "source_id": "680574f0",
    "name": "SÃO CRISTÓVÃO - VOLTA REDONDA",
    "is_active": true
  }
},
{
  "model": "schedules.neighborhood",
  "pk": 336,
  "fields": {
    "source_id": "b7254dad",
    "name": "São Domingos",
    "is_active": true
  }
},
{
  "model": "schedules.neighborhood",
  "pk": 337,
  "fields": {
    "source_id": "665d651f",
    "name": "SÃO FELIX",
    "is_active": true
  }
},
{
  "model": "schedules.neighborhood",
  "pk": 338,
  "fields": {
    "source_id": "8eaeaf4d",
    "name": "SÃO FIDELIS",
    "is_active": true
  }
},
{
  "model": "schedules.neighborhood",
  "pk": 339,
  "fields": {
    "source_id": "59560ed0",
    "name": "São Francisco",
    "is_active": true
  }
},
{
  "model": "schedules.neighborhood",
  "pk": 340,
  "fields": {
    "source_id": "A48",
    "name": "São Francisco Xavier",
    "is_active": true
  }
},
{
  "model": "schedules.neighborhood",
  "pk": 341,
  "fields": {
    "source_id": "53ec255f",
    "name": "São Gonçalo",
    "is_active": true
  }
},
{
  "model": "schedules.neighborhood",
  "pk": 342,
  "fields": {
    "source_id": "e2a692fb",
    "name": "São João de Miriti",
    "is_active": true
  }
},
{
  "model": "schedules.neighborhood",
  "pk": 343,
  "fields": {
    "source_id": "",
    "name": "SÃO JOÃO DO MERITI",
    "is_active": true
  }
},
{
  "model": "schedules.neighborhood",
  "pk": 344,
  "fields": {
    "source_id": "",
    "name": "São José do Imbassaí",
    "is_active": true
  }
},
{
  "model": "schedules.neighborhood",
  "pk": 345,
  "fields": {
    "source_id": "42a9f4e3",
    "name": "SÃO LUCAS",
    "is_active": true
  }
},
{
  "model": "schedules.neighborhood",
  "pk": 346,
  "fields": {
    "source_id": "",
    "name": "São Pedro da Aldeia",
    "is_active": true
  }
},
{
  "model": "schedules.neighborhood",
  "pk": 347,
  "fields": {
    "source_id": "",
    "name": "Sapê",
    "is_active": true
  }
},
{
  "model": "schedules.neighborhood",
  "pk": 348,
  "fields": {
    "source_id": "78313c89",
    "name": "SAPÊ NITEROI",
    "is_active": true
  }
},
{
  "model": "schedules.neighborhood",
  "pk": 349,
  "fields": {
    "source_id": "7872fb1b",
    "name": "Sargento Roncalli",
    "is_active": true
  }
},
{
  "model": "schedules.neighborhood",
  "pk": 350,
  "fields": {
    "source_id": "a0712b15",
    "name": "SAÚDE",
    "is_active": true
  }
},
{
  "model": "schedules.neighborhood",
  "pk": 351,
  "fields": {
    "source_id": "A9",
    "name": "Senador Camará",
    "is_active": true
  }
},
{
  "model": "schedules.neighborhood",
  "pk": 352,
  "fields": {
    "source_id": "A20",
    "name": "Senador Vasconcelos",
    "is_active": true
  }
},
{
  "model": "schedules.neighborhood",
  "pk": 353,
  "fields": {
    "source_id": "A21",
    "name": "Sepetiba",
    "is_active": true
  }
},
{
  "model": "schedules.neighborhood",
  "pk": 354,
  "fields": {
    "source_id": "96182005",
    "name": "seropédica",
    "is_active": true
  }
},
{
  "model": "schedules.neighborhood",
  "pk": 355,
  "fields": {
    "source_id": "b4f100d3",
    "name": "SESSENTA",
    "is_active": true
  }
},
{
  "model": "schedules.neighborhood",
  "pk": 356,
  "fields": {
    "source_id": "1a598dea",
    "name": "Sulacap",
    "is_active": true
  }
},
{
  "model": "schedules.neighborhood",
  "pk": 357,
  "fields": {
    "source_id": "d3f828bd",
    "name": "SULACAP-",
    "is_active": true
  }
},
{
  "model": "schedules.neighborhood",
  "pk": 358,
  "fields": {
    "source_id": "",
    "name": "Sulacap, campo Afonsos",
    "is_active": true
  }
},
{
  "model": "schedules.neighborhood",
  "pk": 359,
  "fields": {
    "source_id": "be9fca21",
    "name": "Tanque",
    "is_active": true
  }
},
{
  "model": "schedules.neighborhood",
  "pk": 360,
  "fields": {
    "source_id": "b415a068",
    "name": "Taquara",
    "is_active": true
  }
},
{
  "model": "schedules.neighborhood",
  "pk": 361,
  "fields": {
    "source_id": "",
    "name": "Taquara Jacarepaguá",
    "is_active": true
  }
},
{
  "model": "schedules.neighborhood",
  "pk": 362,
  "fields": {
    "source_id": "",
    "name": "Taquara/Jacarepagua",
    "is_active": true
  }
},
{
  "model": "schedules.neighborhood",
  "pk": 363,
  "fields": {
    "source_id": "A67",
    "name": "Tauá",
    "is_active": true
  }
},
{
  "model": "schedules.neighborhood",
  "pk": 364,
  "fields": {
    "source_id": "A27",
    "name": "Tijuca",
    "is_active": true
  }
},
{
  "model": "schedules.neighborhood",
  "pk": 365,
  "fields": {
    "source_id": "A49",
    "name": "Todos os Santos",
    "is_active": true
  }
},
{
  "model": "schedules.neighborhood",
  "pk": 366,
  "fields": {
    "source_id": "A102",
    "name": "Tomás Coelho",
    "is_active": true
  }
},
{
  "model": "schedules.neighborhood",
  "pk": 367,
  "fields": {
    "source_id": "",
    "name": "Triângulo",
    "is_active": true
  }
},
{
  "model": "schedules.neighborhood",
  "pk": 368,
  "fields": {
    "source_id": "fa2b74d8",
    "name": "TRINDADE",
    "is_active": true
  }
},
{
  "model": "schedules.neighborhood",
  "pk": 369,
  "fields": {
    "source_id": "A103",
    "name": "Turiaçu",
    "is_active": true
  }
},
{
  "model": "schedules.neighborhood",
  "pk": 370,
  "fields": {
    "source_id": "ee011914",
    "name": "URCA",
    "is_active": true
  }
},
{
  "model": "schedules.neighborhood",
  "pk": 371,
  "fields": {
    "source_id": "a9d42fcc",
    "name": "Valão do Barro",
    "is_active": true
  }
},
{
  "model": "schedules.neighborhood",
  "pk": 372,
  "fields": {
    "source_id": "dcfd5ba1",
    "name": "VALQUEIRE",
    "is_active": true
  }
},
{
  "model": "schedules.neighborhood",
  "pk": 373,
  "fields": {
    "source_id": "33cf2cc1",
    "name": "Vargem Grande",
    "is_active": true
  }
},
{
  "model": "schedules.neighborhood",
  "pk": 374,
  "fields": {
    "source_id": "",
    "name": "Vargem Pequena",
    "is_active": true
  }
},
{
  "model": "schedules.neighborhood",
  "pk": 375,
  "fields": {
    "source_id": "69c4d798",
    "name": "Várzea das Moças",
    "is_active": true
  }
},
{
  "model": "schedules.neighborhood",
  "pk": 376,
  "fields": {
    "source_id": "8277b798",
    "name": "Vasco da Gama",
    "is_active": true
  }
},
{
  "model": "schedules.neighborhood",
  "pk": 377,
  "fields": {
    "source_id": "A104",
    "name": "Vaz Lobo",
    "is_active": true
  }
},
{
  "model": "schedules.neighborhood",
  "pk": 378,
  "fields": {
    "source_id": "",
    "name": "Vendas das Pedras",
    "is_active": true
  }
},
{
  "model": "schedules.neighborhood",
  "pk": 379,
  "fields": {
    "source_id": "",
    "name": "Via C polo Industrial",
    "is_active": true
  }
},
{
  "model": "schedules.neighborhood",
  "pk": 380,
  "fields": {
    "source_id": "A105",
    "name": "Vicente de Carvalho",
    "is_active": true
  }
},
{
  "model": "schedules.neighborhood",
  "pk": 381,
  "fields": {
    "source_id": "A106",
    "name": "Vigário Geral",
    "is_active": true
  }
},
{
  "model": "schedules.neighborhood",
  "pk": 382,
  "fields": {
    "source_id": "A107",
    "name": "Vila da Penha",
    "is_active": true
  }
},
{
  "model": "schedules.neighborhood",
  "pk": 383,
  "fields": {
    "source_id": "8ed1cc73",
    "name": "VILA EMIL",
    "is_active": true
  }
},
{
  "model": "schedules.neighborhood",
  "pk": 384,
  "fields": {
    "source_id": "609b32ea",
    "name": "VILA IBIRAPITANGA",
    "is_active": true
  }
},
{
  "model": "schedules.neighborhood",
  "pk": 385,
  "fields": {
    "source_id": "A28",
    "name": "Vila Isabel",
    "is_active": true
  }
},
{
  "model": "schedules.neighborhood",
  "pk": 386,
  "fields": {
    "source_id": "A10",
    "name": "Vila Kennedy",
    "is_active": true
  }
},
{
  "model": "schedules.neighborhood",
  "pk": 387,
  "fields": {
    "source_id": "A108",
    "name": "Vila Kosmos",
    "is_active": true
  }
},
{
  "model": "schedules.neighborhood",
  "pk": 388,
  "fields": {
    "source_id": "",
    "name": "Vila Margarida",
    "is_active": true
  }
},
{
  "model": "schedules.neighborhood",
  "pk": 389,
  "fields": {
    "source_id": "A11",
    "name": "Vila Militar",
    "is_active": true
  }
},
{
  "model": "schedules.neighborhood",
  "pk": 390,
  "fields": {
    "source_id": "02e9f44c",
    "name": "VILA NOVA",
    "is_active": true
  }
},
{
  "model": "schedules.neighborhood",
  "pk": 391,
  "fields": {
    "source_id": "94167a2c",
    "name": "Vila Operária",
    "is_active": true
  }
},
{
  "model": "schedules.neighborhood",
  "pk": 392,
  "fields": {
    "source_id": "4027f04c",
    "name": "Vila Santa Alice",
    "is_active": true
  }
},
{
  "model": "schedules.neighborhood",
  "pk": 393,
  "fields": {
    "source_id": "241dbe24",
    "name": "VILA SANTA CECILIA",
    "is_active": true
  }
},
{
  "model": "schedules.neighborhood",
  "pk": 394,
  "fields": {
    "source_id": "9a7378c2",
    "name": "Vila Santo Antonio",
    "is_active": true
  }
},
{
  "model": "schedules.neighborhood",
  "pk": 395,
  "fields": {
    "source_id": "",
    "name": "Vila Valqueire",
    "is_active": true
  }
},
{
  "model": "schedules.neighborhood",
  "pk": 396,
  "fields": {
    "source_id": "90ddb07d",
    "name": "Vila Wesley",
    "is_active": true
  }
},
{
  "model": "schedules.neighborhood",
  "pk": 397,
  "fields": {
    "source_id": "4047a834",
    "name": "VILAR DOS TELES",
    "is_active": true
  }
},
{
  "model": "schedules.neighborhood",
  "pk": 398,
  "fields": {
    "source_id": "",
    "name": "virtual",
    "is_active": true
  }
},
{
  "model": "schedules.neighborhood",
  "pk": 399,
  "fields": {
    "source_id": "A109",
    "name": "Vista Alegre",
    "is_active": true
  }
},
{
  "model": "schedules.neighborhood",
  "pk": 400,
  "fields": {
    "source_id": "444da96e",
    "name": "VOLTA GRANDE",
    "is_active": true
  }
},
{
  "model": "schedules.neighborhood",
  "pk": 401,
  "fields": {
    "source_id": "",
    "name": "Xerem",
    "is_active": true
  }
},
{
  "model": "schedules.neighborhood",
  "pk": 402,
  "fields": {
    "source_id": "326007a2",
    "name": "Xerém",
    "is_active": true
  }
},
{
  "model": "schedules.neighborhood",
  "pk": 403,
  "fields": {
    "source_id": "",
    "name": "Zona Especial de Negócios (ZEN)",
    "is_active": true
  }
},
{
  "model": "schedules.neighborhood",
  "pk": 404,
  "fields": {
    "source_id": "A68",
    "name": "Zumbi",
    "is_active": true
  }
},
{
  "model": "schedules.kit",
  "pk": 1,
  "fields": {
    "source_id": "76134077",
    "name": "ADESIVO PEQUENO",
    "is_active": true
  }
},
{
  "model": "schedules.kit",
  "pk": 2,
  "fields": {
    "source_id": "e0949eae",
    "name": "APARELHO ETILOMETRO",
    "is_active": true
  }
},
{
  "model": "schedules.kit",
  "pk": 3,
  "fields": {
    "source_id": "6f7f157e",
    "name": "BARRACA COM AS LATERAIS",
    "is_active": true
  }
},
{
  "model": "schedules.kit",
  "pk": 4,
  "fields": {
    "source_id": "b7279ae3",
    "name": "CAIXA DE SOM",
    "is_active": true
  }
},
{
  "model": "schedules.kit",
  "pk": 5,
  "fields": {
    "source_id": "cd47d008",
    "name": "CARRINHO ELÉTRICO",
    "is_active": true
  }
},
{
  "model": "schedules.kit",
  "pk": 6,
  "fields": {
    "source_id": "57483a7d",
    "name": "CIRCUITO INFANTIL COM CARRINHOS E PLACAS",
    "is_active": true
  }
},
{
  "model": "schedules.kit",
  "pk": 7,
  "fields": {
    "source_id": "85a663bb",
    "name": "CIRCUITO INFANTIL PLACAS E PISTA",
    "is_active": true
  }
},
{
  "model": "schedules.kit",
  "pk": 8,
  "fields": {
    "source_id": "85cdce6a",
    "name": "CIRCUITO ÓCULOS",
    "is_active": true
  }
},
{
  "model": "schedules.kit",
  "pk": 9,
  "fields": {
    "source_id": "233b49cc",
    "name": "CRI-CRI CARNAVAL",
    "is_active": true
  }
},
{
  "model": "schedules.kit",
  "pk": 10,
  "fields": {
    "source_id": "e1089c43",
    "name": "CRI-CRI COMUM",
    "is_active": true
  }
},
{
  "model": "schedules.kit",
  "pk": 11,
  "fields": {
    "source_id": "8329f01f",
    "name": "CRICRI",
    "is_active": true
  }
},
{
  "model": "schedules.kit",
  "pk": 12,
  "fields": {
    "source_id": "A3",
    "name": "ESCOLA NOTA 10",
    "is_active": true
  }
},
{
  "model": "schedules.kit",
  "pk": 13,
  "fields": {
    "source_id": "ac15d6f9",
    "name": "FANTASIA SOPRINHO",
    "is_active": true
  }
},
{
  "model": "schedules.kit",
  "pk": 14,
  "fields": {
    "source_id": "f5ac4d6c",
    "name": "FOLDER",
    "is_active": true
  }
},
{
  "model": "schedules.kit",
  "pk": 15,
  "fields": {
    "source_id": "d05c6ba4",
    "name": "FOLDER PEQUENO E GRANDE",
    "is_active": true
  }
},
{
  "model": "schedules.kit",
  "pk": 16,
  "fields": {
    "source_id": "A4",
    "name": "FUTEBOL",
    "is_active": true
  }
},
{
  "model": "schedules.kit",
  "pk": 17,
  "fields": {
    "source_id": "62f19c12",
    "name": "FUTEBOL BALIZA, BOLA E ÓCULOS",
    "is_active": true
  }
},
{
  "model": "schedules.kit",
  "pk": 18,
  "fields": {
    "source_id": "225ded68",
    "name": "KIT ARP (DRONE)",
    "is_active": true
  }
},
{
  "model": "schedules.kit",
  "pk": 19,
  "fields": {
    "source_id": "73f9236d",
    "name": "KIT CARRINHO E MOTO ELÉTRICA",
    "is_active": true
  }
},
{
  "model": "schedules.kit",
  "pk": 20,
  "fields": {
    "source_id": "1311b790",
    "name": "KIT CARRINHO ELÉTRICO",
    "is_active": true
  }
},
{
  "model": "schedules.kit",
  "pk": 21,
  "fields": {
    "source_id": "19c24b39",
    "name": "KIT CIRCUITO ÓCULOS",
    "is_active": true
  }
},
{
  "model": "schedules.kit",
  "pk": 22,
  "fields": {
    "source_id": "39983dea",
    "name": "KIT COM 7 REVISTINHAS",
    "is_active": true
  }
},
{
  "model": "schedules.kit",
  "pk": 23,
  "fields": {
    "source_id": "1449d6f7",
    "name": "LIVRO DE TRÂNSITO",
    "is_active": true
  }
},
{
  "model": "schedules.kit",
  "pk": 24,
  "fields": {
    "source_id": "63072635",
    "name": "LIVRO DENGUE",
    "is_active": true
  }
},
{
  "model": "schedules.kit",
  "pk": 25,
  "fields": {
    "source_id": "07c48a2f",
    "name": "LIVRO TRÂNSITO",
    "is_active": true
  }
},
{
  "model": "schedules.kit",
  "pk": 26,
  "fields": {
    "source_id": "A6",
    "name": "MATERIAL AÇÃO BARES",
    "is_active": true
  }
},
{
  "model": "schedules.kit",
  "pk": 27,
  "fields": {
    "source_id": "A7",
    "name": "MATERIAL AÇÃO PARQUES",
    "is_active": true
  }
},
{
  "model": "schedules.kit",
  "pk": 28,
  "fields": {
    "source_id": "1b231fb1",
    "name": "MATERIAL DO NOTA 10",
    "is_active": true
  }
},
{
  "model": "schedules.kit",
  "pk": 29,
  "fields": {
    "source_id": "A5",
    "name": "MATERIAL PARA GRANDES EVENTOS",
    "is_active": true
  }
},
{
  "model": "schedules.kit",
  "pk": 30,
  "fields": {
    "source_id": "fec52c57",
    "name": "MESA",
    "is_active": true
  }
},
{
  "model": "schedules.kit",
  "pk": 31,
  "fields": {
    "source_id": "1ee25bd9",
    "name": "MINI BLIMP",
    "is_active": true
  }
},
{
  "model": "schedules.kit",
  "pk": 32,
  "fields": {
    "source_id": "600da3f8",
    "name": "MOCHILA COM BALÃO (DUAS UNIDADES)",
    "is_active": true
  }
},
{
  "model": "schedules.kit",
  "pk": 33,
  "fields": {
    "source_id": "9f011264",
    "name": "MOTO ELÉTRICA GRANDE",
    "is_active": true
  }
},
{
  "model": "schedules.kit",
  "pk": 34,
  "fields": {
    "source_id": "4f5ecdfb",
    "name": "PALESTRA EMPRESA",
    "is_active": true
  }
},
{
  "model": "schedules.kit",
  "pk": 35,
  "fields": {
    "source_id": "A2",
    "name": "PALESTRA INFANTIL",
    "is_active": true
  }
},
{
  "model": "schedules.kit",
  "pk": 36,
  "fields": {
    "source_id": "A1",
    "name": "PALESTRA JOVENS E ADULTOS",
    "is_active": true
  }
},
{
  "model": "schedules.kit",
  "pk": 37,
  "fields": {
    "source_id": "ee9ba9fb",
    "name": "PANFLETOS",
    "is_active": true
  }
},
{
  "model": "schedules.kit",
  "pk": 38,
  "fields": {
    "source_id": "f84c1fbc",
    "name": "SOPRINHO INFLÁVEL",
    "is_active": true
  }
},
{
  "model": "schedules.kit",
  "pk": 39,
  "fields": {
    "source_id": "ccaec4bf",
    "name": "TOTEM BALL GRANDE",
    "is_active": true
  }
},
{
  "model": "schedules.kit",
  "pk": 40,
  "fields": {
    "source_id": "be4a414d",
    "name": "TOTEM BALL PEQUENO",
    "is_active": true
  }
},
{
  "model": "schedules.kit",
  "pk": 41,
  "fields": {
    "source_id": "956f5cef",
    "name": "TOTEM BALL PEQUENO E GRANDE",
    "is_active": true
  }
},
{
  "model": "schedules.kit",
  "pk": 42,
  "fields": {
    "source_id": "47ba5a77",
    "name": "TOTEN BALL GRANDE",
    "is_active": true
  }
},
{
  "model": "schedules.kit",
  "pk": 43,
  "fields": {
    "source_id": "dee3e8aa",
    "name": "TOTEN BALL PEQUENO",
    "is_active": true
  }
},
{
  "model": "schedules.kit",
  "pk": 44,
  "fields": {
    "source_id": "d4342c69",
    "name": "TRANSFORMADOR DE ENERGIA E EXTENSÃO",
    "is_active": true
  }
},
{
  "model": "schedules.kit",
  "pk": 45,
  "fields": {
    "source_id": "6f9fd2dd",
    "name": "TV COM SUPORTE",
    "is_active": true
  }
},
{
  "model": "schedules.kit",
  "pk": 46,
  "fields": {
    "source_id": "d7105228",
    "name": "VENTAROLA",
    "is_active": true
  }
},
{
  "model": "schedules.kit",
  "pk": 47,
  "fields": {
    "source_id": "19faa5d1",
    "name": "VENTAROLA CARNAVAL",
    "is_active": true
  }
},
{
  "model": "schedules.kit",
  "pk": 48,
  "fields": {
    "source_id": "594d1b95",
    "name": "VENTAROLA FUTEBOL",
    "is_active": true
  }
},
{
  "model": "schedules.kit",
  "pk": 49,
  "fields": {
    "source_id": "5fa3a72d",
    "name": "VENTAROLA MAIO AMARELO",
    "is_active": true
  }
},
{
  "model": "schedules.kit",
  "pk": 50,
  "fields": {
    "source_id": "4dba3219",
    "name": "VOLANTE COM CHAVE",
    "is_active": true
  }
},
{
  "model": "schedules.kit",
  "pk": 51,
  "fields": {
    "source_id": "",
    "name": "Ventarolas",
    "is_active": true
  }
},
{
  "model": "schedules.kit",
  "pk": 52,
  "fields": {
    "source_id": "",
    "name": "Adesivos",
    "is_active": true
  }
},
{
  "model": "schedules.kit",
  "pk": 53,
  "fields": {
    "source_id": "",
    "name": "Folders",
    "is_active": true
  }
},
{
  "model": "schedules.kit",
  "pk": 54,
  "fields": {
    "source_id": "",
    "name": "Revistinhas educativas",
    "is_active": true
  }
},
{
  "model": "schedules.material",
  "pk": 1,
  "fields": {
    "source_id": "",
    "name": "Adicionar Material",
    "is_active": true
  }
},
{
  "model": "schedules.chief",
  "pk": 1,
  "fields": {
    "source_id": "education-staff:chief:BRAVO:ALDOMIR TORRES DE OLIVEIRA",
    "name": "ALDOMIR TORRES DE OLIVEIRA",
    "is_active": true,
    "cpf": null,
    "team": 12,
    "role": "CHEFE DE CIVIL",
    "address": "CORDOVIL",
    "phone": "21 99023-5193"
  }
},
{
  "model": "schedules.chief",
  "pk": 2,
  "fields": {
    "source_id": "education-staff:chief:FOX:DOUGLAS VIEIRA AMADOR",
    "name": "DOUGLAS VIEIRA AMADOR",
    "is_active": true,
    "cpf": null,
    "team": 30,
    "role": "CHEFE. CIVIL",
    "address": "MARICÁ",
    "phone": "21 99637-5249"
  }
},
{
  "model": "schedules.chief",
  "pk": 3,
  "fields": {
    "source_id": "education-staff:chief:CHARLIE:ELENI MARTINS",
    "name": "ELENI MARTINS",
    "is_active": true,
    "cpf": null,
    "team": 13,
    "role": "CHEFE. CIVIL",
    "address": "TIJUCA",
    "phone": "21 99962-7633"
  }
},
{
  "model": "schedules.chief",
  "pk": 4,
  "fields": {
    "source_id": "education-staff:chief:HOTEL:ELISANGELA CUNHA MONTEIRO",
    "name": "ELISANGELA CUNHA MONTEIRO",
    "is_active": true,
    "cpf": null,
    "team": 33,
    "role": "CHEFE. CIVIL",
    "address": "BARRA OLÍMPICA",
    "phone": "21 98254-4834"
  }
},
{
  "model": "schedules.chief",
  "pk": 5,
  "fields": {
    "source_id": "education-staff:chief:ECHO:MARCELO GOMES DE ARAUJO",
    "name": "MARCELO GOMES DE ARAUJO",
    "is_active": true,
    "cpf": null,
    "team": 15,
    "role": "CHEFE. CIVIL",
    "address": "SÃO GONÇALO",
    "phone": "21 96479-4881"
  }
},
{
  "model": "schedules.chief",
  "pk": 6,
  "fields": {
    "source_id": "education-staff:chief:DELTA:RAFAELLA GOMES SILVA",
    "name": "RAFAELLA GOMES SILVA",
    "is_active": true,
    "cpf": null,
    "team": 14,
    "role": "CHEFE. CIVIL",
    "address": "CACHAMBI",
    "phone": "21 98305-9792"
  }
},
{
  "model": "schedules.chief",
  "pk": 7,
  "fields": {
    "source_id": "education-staff:chief:ALFA:VITOR PARADIZZO CELESTINO",
    "name": "VITOR PARADIZZO CELESTINO",
    "is_active": true,
    "cpf": null,
    "team": 11,
    "role": "CHEFE DE CIVIL",
    "address": "NOVA IGUAÇU",
    "phone": "21 96430-8470"
  }
},
{
  "model": "schedules.chief",
  "pk": 8,
  "fields": {
    "source_id": "education-staff:chief:GOLF:WALLACE ABREU DOS SANTOS",
    "name": "WALLACE ABREU DOS SANTOS",
    "is_active": true,
    "cpf": null,
    "team": 31,
    "role": "CHEFE. CIVIL",
    "address": "SÃO GONÇALO",
    "phone": "21 98022-4254"
  }
},
{
  "model": "schedules.chief",
  "pk": 9,
  "fields": {
    "source_id": "",
    "name": "FABIO JOSE FERREIRA CUNHA",
    "is_active": true,
    "cpf": "08922040793",
    "team": null,
    "role": "",
    "address": "",
    "phone": "55219691731"
  }
},
{
  "model": "schedules.shiftschedule",
  "pk": 1,
  "fields": {
    "date": "2026-06-12",
    "team": 11,
    "notes": "",
    "created_by": 1,
    "updated_by": 1,
    "created_at": "2026-06-12T14:10:32.100Z",
    "updated_at": "2026-06-12T14:10:32.100Z",
    "extra_chiefs": [],
    "extra_agents": [],
    "extra_supports": [],
    "removed_chiefs": [],
    "removed_agents": [],
    "removed_supports": [],
    "absent_chiefs": [],
    "absent_agents": [],
    "absent_supports": []
  }
},
{
  "model": "schedules.shiftschedule",
  "pk": 3,
  "fields": {
    "date": "2026-06-01",
    "team": 13,
    "notes": "",
    "created_by": 1,
    "updated_by": 1,
    "created_at": "2026-06-12T15:10:03.377Z",
    "updated_at": "2026-06-12T15:10:03.377Z",
    "extra_chiefs": [],
    "extra_agents": [],
    "extra_supports": [],
    "removed_chiefs": [],
    "removed_agents": [],
    "removed_supports": [],
    "absent_chiefs": [],
    "absent_agents": [],
    "absent_supports": []
  }
},
{
  "model": "schedules.shiftschedule",
  "pk": 4,
  "fields": {
    "date": "2026-06-01",
    "team": 14,
    "notes": "",
    "created_by": 1,
    "updated_by": 1,
    "created_at": "2026-06-12T15:10:03.378Z",
    "updated_at": "2026-06-12T15:40:01.469Z",
    "extra_chiefs": [
      1
    ],
    "extra_agents": [],
    "extra_supports": [],
    "removed_chiefs": [
      6
    ],
    "removed_agents": [],
    "removed_supports": [],
    "absent_chiefs": [],
    "absent_agents": [],
    "absent_supports": []
  }
},
{
  "model": "schedules.shiftschedule",
  "pk": 5,
  "fields": {
    "date": "2026-06-03",
    "team": 11,
    "notes": "",
    "created_by": 1,
    "updated_by": 1,
    "created_at": "2026-06-12T15:11:44.069Z",
    "updated_at": "2026-06-17T20:02:56.341Z",
    "extra_chiefs": [],
    "extra_agents": [],
    "extra_supports": [],
    "removed_chiefs": [],
    "removed_agents": [],
    "removed_supports": [],
    "absent_chiefs": [],
    "absent_agents": [],
    "absent_supports": []
  }
},
{
  "model": "schedules.shiftschedule",
  "pk": 6,
  "fields": {
    "date": "2026-06-03",
    "team": 12,
    "notes": "",
    "created_by": 1,
    "updated_by": 1,
    "created_at": "2026-06-12T15:11:44.069Z",
    "updated_at": "2026-06-12T15:11:44.069Z",
    "extra_chiefs": [],
    "extra_agents": [],
    "extra_supports": [],
    "removed_chiefs": [],
    "removed_agents": [],
    "removed_supports": [],
    "absent_chiefs": [],
    "absent_agents": [],
    "absent_supports": []
  }
},
{
  "model": "schedules.shiftschedule",
  "pk": 7,
  "fields": {
    "date": "2026-06-02",
    "team": 13,
    "notes": "",
    "created_by": 1,
    "updated_by": 1,
    "created_at": "2026-06-12T15:13:35.517Z",
    "updated_at": "2026-06-12T15:13:35.517Z",
    "extra_chiefs": [],
    "extra_agents": [],
    "extra_supports": [],
    "removed_chiefs": [],
    "removed_agents": [],
    "removed_supports": [],
    "absent_chiefs": [],
    "absent_agents": [],
    "absent_supports": []
  }
},
{
  "model": "schedules.shiftschedule",
  "pk": 8,
  "fields": {
    "date": "2026-06-02",
    "team": 14,
    "notes": "",
    "created_by": 1,
    "updated_by": 1,
    "created_at": "2026-06-12T15:13:35.517Z",
    "updated_at": "2026-06-12T16:15:59.528Z",
    "extra_chiefs": [],
    "extra_agents": [],
    "extra_supports": [],
    "removed_chiefs": [],
    "removed_agents": [],
    "removed_supports": [],
    "absent_chiefs": [],
    "absent_agents": [
      10
    ],
    "absent_supports": [
      2
    ]
  }
},
{
  "model": "schedules.shiftschedule",
  "pk": 9,
  "fields": {
    "date": "2026-06-02",
    "team": 11,
    "notes": "",
    "created_by": 1,
    "updated_by": 1,
    "created_at": "2026-06-12T15:13:35.518Z",
    "updated_at": "2026-06-12T15:13:35.518Z",
    "extra_chiefs": [],
    "extra_agents": [],
    "extra_supports": [],
    "removed_chiefs": [],
    "removed_agents": [],
    "removed_supports": [],
    "absent_chiefs": [],
    "absent_agents": [],
    "absent_supports": []
  }
},
{
  "model": "schedules.shiftschedule",
  "pk": 10,
  "fields": {
    "date": "2026-06-02",
    "team": 15,
    "notes": "",
    "created_by": 1,
    "updated_by": 1,
    "created_at": "2026-06-12T15:13:35.518Z",
    "updated_at": "2026-06-12T15:13:35.518Z",
    "extra_chiefs": [],
    "extra_agents": [],
    "extra_supports": [],
    "removed_chiefs": [],
    "removed_agents": [],
    "removed_supports": [],
    "absent_chiefs": [],
    "absent_agents": [],
    "absent_supports": []
  }
},
{
  "model": "schedules.shiftschedule",
  "pk": 11,
  "fields": {
    "date": "2026-06-10",
    "team": 12,
    "notes": "",
    "created_by": 1,
    "updated_by": 1,
    "created_at": "2026-06-12T19:41:28.169Z",
    "updated_at": "2026-06-12T19:41:28.169Z",
    "extra_chiefs": [],
    "extra_agents": [],
    "extra_supports": [],
    "removed_chiefs": [],
    "removed_agents": [],
    "removed_supports": [],
    "absent_chiefs": [],
    "absent_agents": [],
    "absent_supports": []
  }
},
{
  "model": "schedules.shiftschedule",
  "pk": 12,
  "fields": {
    "date": "2026-06-10",
    "team": 14,
    "notes": "",
    "created_by": 1,
    "updated_by": 1,
    "created_at": "2026-06-12T19:41:28.170Z",
    "updated_at": "2026-06-12T19:41:28.170Z",
    "extra_chiefs": [],
    "extra_agents": [],
    "extra_supports": [],
    "removed_chiefs": [],
    "removed_agents": [],
    "removed_supports": [],
    "absent_chiefs": [],
    "absent_agents": [],
    "absent_supports": []
  }
},
{
  "model": "schedules.shiftschedule",
  "pk": 13,
  "fields": {
    "date": "2026-06-18",
    "team": 14,
    "notes": "",
    "created_by": 1,
    "updated_by": 1,
    "created_at": "2026-06-15T20:04:50.821Z",
    "updated_at": "2026-06-15T20:04:50.821Z",
    "extra_chiefs": [],
    "extra_agents": [],
    "extra_supports": [],
    "removed_chiefs": [],
    "removed_agents": [],
    "removed_supports": [],
    "absent_chiefs": [],
    "absent_agents": [],
    "absent_supports": []
  }
},
{
  "model": "schedules.shiftschedule",
  "pk": 14,
  "fields": {
    "date": "2026-06-18",
    "team": 13,
    "notes": "",
    "created_by": 1,
    "updated_by": 1,
    "created_at": "2026-06-15T20:04:50.822Z",
    "updated_at": "2026-06-15T20:04:50.822Z",
    "extra_chiefs": [],
    "extra_agents": [],
    "extra_supports": [],
    "removed_chiefs": [],
    "removed_agents": [],
    "removed_supports": [],
    "absent_chiefs": [],
    "absent_agents": [],
    "absent_supports": []
  }
},
{
  "model": "schedules.shiftschedule",
  "pk": 15,
  "fields": {
    "date": "2026-06-18",
    "team": 30,
    "notes": "",
    "created_by": 1,
    "updated_by": 1,
    "created_at": "2026-06-15T20:04:50.821Z",
    "updated_at": "2026-06-15T20:04:50.821Z",
    "extra_chiefs": [],
    "extra_agents": [],
    "extra_supports": [],
    "removed_chiefs": [],
    "removed_agents": [],
    "removed_supports": [],
    "absent_chiefs": [],
    "absent_agents": [],
    "absent_supports": []
  }
},
{
  "model": "schedules.shiftswaprequest",
  "pk": 1,
  "fields": {
    "schedule": 1,
    "requester": 1,
    "member_type": "AGENT",
    "from_member_id": 3,
    "from_member_name": "CLAUDIO ROMULO DE ARAUJO PINTO",
    "target_team": 12,
    "to_member_id": 1,
    "to_member_name": "ALESSANDRO LUIZ ALLEN LACOLLA MONTANO",
    "reason": "",
    "attachment": "",
    "status": "APPROVED",
    "decided_by": 1,
    "decided_at": "2026-06-12T14:11:20.247Z",
    "decision_note": "",
    "created_at": "2026-06-12T14:11:10.769Z",
    "updated_at": "2026-06-12T14:11:20.247Z"
  }
},
{
  "model": "schedules.shiftswaprequest",
  "pk": 2,
  "fields": {
    "schedule": 1,
    "requester": 1,
    "member_type": "AGENT",
    "from_member_id": 7,
    "from_member_name": "ELAINE CRISTINA CORDEIRO DUTRA",
    "target_team": 13,
    "to_member_id": 12,
    "to_member_name": "JORGE VINICIUS PINTO DE CARVALHO",
    "reason": "",
    "attachment": "",
    "status": "APPROVED",
    "decided_by": 1,
    "decided_at": "2026-06-12T19:30:20.270Z",
    "decision_note": "",
    "created_at": "2026-06-12T14:49:31.261Z",
    "updated_at": "2026-06-12T19:30:20.270Z"
  }
},
{
  "model": "schedules.shiftswaprequest",
  "pk": 4,
  "fields": {
    "schedule": 3,
    "requester": 1,
    "member_type": "AGENT",
    "from_member_id": 21,
    "from_member_name": "MARCOS FRANCISCO DE JESUS BORGES",
    "target_team": 15,
    "to_member_id": 17,
    "to_member_name": "LEONARDO TAVARES MARTINS",
    "reason": "",
    "attachment": "",
    "status": "APPROVED",
    "decided_by": 1,
    "decided_at": "2026-06-12T15:32:42.089Z",
    "decision_note": "",
    "created_at": "2026-06-12T15:26:00.365Z",
    "updated_at": "2026-06-12T15:32:42.089Z"
  }
},
{
  "model": "schedules.agenda",
  "pk": 1,
  "fields": {
    "title": "Reuniao de alinhamento",
    "source_id": null,
    "service_order_number": 1,
    "linked_action": null,
    "description": "Agenda de exemplo: Reuniao de alinhamento.",
    "date": "2026-05-28",
    "start_time": "09:00:00",
    "end_time": "10:00:00",
    "location": "Sala 01",
    "vehicle": "",
    "vehicle_ref": null,
    "team_name": "",
    "team_ref": null,
    "chief_name": "",
    "chief_ref": null,
    "team_phone": "",
    "agents": "",
    "support_1": "",
    "support_1_ref": null,
    "support_2": "",
    "support_2_ref": null,
    "action_type": "",
    "action_type_ref": null,
    "institution_location": "",
    "quantity": null,
    "actions_count": null,
    "schedule_text": "",
    "time_2": null,
    "time_3": null,
    "address": "",
    "neighborhood": "",
    "neighborhood_ref": null,
    "city": "",
    "state": "",
    "municipality_ref": null,
    "external_responsible": "",
    "external_responsible_phone": "",
    "external_email": "",
    "contact_email": "",
    "requester_cpf": "",
    "requester_role": "",
    "audience": "",
    "requester_entity_type": "",
    "age_ranges": "",
    "has_ramps": "",
    "has_elevators": "",
    "has_accessible_bathrooms": "",
    "media_equipment": "",
    "image_authorization": "",
    "activity_type": "",
    "kit_1": "",
    "kit_1_quantity": null,
    "material_1": "",
    "kit_2": "",
    "kit_2_quantity": null,
    "material_2": "",
    "kit_3": "",
    "kit_3_quantity": null,
    "material_3": "",
    "kit_4": "",
    "kit_4_quantity": null,
    "material_4": "",
    "kit_5": "",
    "kit_5_quantity": null,
    "material_5": "",
    "kit_6": "",
    "kit_6_quantity": null,
    "material_6": "",
    "kit_7": "",
    "kit_7_quantity": null,
    "responsible": 2,
    "sector": 1,
    "status": "APPROVED",
    "origin": "INTERNAL",
    "cancel_reason": "",
    "notes": "Registro criado pelo seed inicial.",
    "created_by": 1,
    "created_at": "2026-05-28T13:48:51.853Z",
    "updated_at": "2026-05-28T13:48:51.853Z",
    "agents_ref": []
  }
},
{
  "model": "schedules.agenda",
  "pk": 2,
  "fields": {
    "title": "Atendimento tecnico",
    "source_id": null,
    "service_order_number": null,
    "linked_action": null,
    "description": "Agenda de exemplo: Atendimento tecnico.",
    "date": "2026-05-28",
    "start_time": "14:00:00",
    "end_time": "15:30:00",
    "location": "Unidade Centro",
    "vehicle": "",
    "vehicle_ref": null,
    "team_name": "",
    "team_ref": null,
    "chief_name": "",
    "chief_ref": null,
    "team_phone": "",
    "agents": "",
    "support_1": "",
    "support_1_ref": null,
    "support_2": "",
    "support_2_ref": null,
    "action_type": "",
    "action_type_ref": null,
    "institution_location": "",
    "quantity": null,
    "actions_count": null,
    "schedule_text": "",
    "time_2": null,
    "time_3": null,
    "address": "",
    "neighborhood": "",
    "neighborhood_ref": null,
    "city": "",
    "state": "",
    "municipality_ref": null,
    "external_responsible": "",
    "external_responsible_phone": "",
    "external_email": "",
    "contact_email": "",
    "requester_cpf": "",
    "requester_role": "",
    "audience": "",
    "requester_entity_type": "",
    "age_ranges": "",
    "has_ramps": "",
    "has_elevators": "",
    "has_accessible_bathrooms": "",
    "media_equipment": "",
    "image_authorization": "",
    "activity_type": "",
    "kit_1": "",
    "kit_1_quantity": null,
    "material_1": "",
    "kit_2": "",
    "kit_2_quantity": null,
    "material_2": "",
    "kit_3": "",
    "kit_3_quantity": null,
    "material_3": "",
    "kit_4": "",
    "kit_4_quantity": null,
    "material_4": "",
    "kit_5": "",
    "kit_5_quantity": null,
    "material_5": "",
    "kit_6": "",
    "kit_6_quantity": null,
    "material_6": "",
    "kit_7": "",
    "kit_7_quantity": null,
    "responsible": 3,
    "sector": 2,
    "status": "PENDING",
    "origin": "INTERNAL",
    "cancel_reason": "",
    "notes": "Registro criado pelo seed inicial.",
    "created_by": 3,
    "created_at": "2026-05-28T13:48:52.069Z",
    "updated_at": "2026-05-28T13:48:52.069Z",
    "agents_ref": []
  }
},
{
  "model": "schedules.agenda",
  "pk": 3,
  "fields": {
    "title": "Escala externa",
    "source_id": null,
    "service_order_number": 2,
    "linked_action": null,
    "description": "Agenda de exemplo: Escala externa.",
    "date": "2026-05-29",
    "start_time": "08:00:00",
    "end_time": "12:00:00",
    "location": "Base Norte",
    "vehicle": "",
    "vehicle_ref": null,
    "team_name": "",
    "team_ref": null,
    "chief_name": "",
    "chief_ref": null,
    "team_phone": "",
    "agents": "",
    "support_1": "",
    "support_1_ref": null,
    "support_2": "",
    "support_2_ref": null,
    "action_type": "",
    "action_type_ref": null,
    "institution_location": "",
    "quantity": null,
    "actions_count": null,
    "schedule_text": "",
    "time_2": null,
    "time_3": null,
    "address": "",
    "neighborhood": "",
    "neighborhood_ref": null,
    "city": "",
    "state": "",
    "municipality_ref": null,
    "external_responsible": "",
    "external_responsible_phone": "",
    "external_email": "",
    "contact_email": "",
    "requester_cpf": "",
    "requester_role": "",
    "audience": "",
    "requester_entity_type": "",
    "age_ranges": "",
    "has_ramps": "",
    "has_elevators": "",
    "has_accessible_bathrooms": "",
    "media_equipment": "",
    "image_authorization": "",
    "activity_type": "",
    "kit_1": "",
    "kit_1_quantity": null,
    "material_1": "",
    "kit_2": "",
    "kit_2_quantity": null,
    "material_2": "",
    "kit_3": "",
    "kit_3_quantity": null,
    "material_3": "",
    "kit_4": "",
    "kit_4_quantity": null,
    "material_4": "",
    "kit_5": "",
    "kit_5_quantity": null,
    "material_5": "",
    "kit_6": "",
    "kit_6_quantity": null,
    "material_6": "",
    "kit_7": "",
    "kit_7_quantity": null,
    "responsible": 2,
    "sector": 3,
    "status": "APPROVED",
    "origin": "INTERNAL",
    "cancel_reason": "",
    "notes": "Registro criado pelo seed inicial.",
    "created_by": 1,
    "created_at": "2026-05-28T13:48:52.298Z",
    "updated_at": "2026-05-28T13:48:52.298Z",
    "agents_ref": []
  }
},
{
  "model": "schedules.agenda",
  "pk": 4,
  "fields": {
    "title": "Fechamento semanal",
    "source_id": null,
    "service_order_number": 3,
    "linked_action": null,
    "description": "Agenda de exemplo: Fechamento semanal.",
    "date": "2026-05-30",
    "start_time": "16:00:00",
    "end_time": "17:00:00",
    "location": "Sala 02",
    "vehicle": "",
    "vehicle_ref": null,
    "team_name": "",
    "team_ref": null,
    "chief_name": "",
    "chief_ref": null,
    "team_phone": "",
    "agents": "",
    "support_1": "",
    "support_1_ref": null,
    "support_2": "",
    "support_2_ref": null,
    "action_type": "",
    "action_type_ref": null,
    "institution_location": "",
    "quantity": null,
    "actions_count": null,
    "schedule_text": "",
    "time_2": null,
    "time_3": null,
    "address": "",
    "neighborhood": "",
    "neighborhood_ref": null,
    "city": "",
    "state": "",
    "municipality_ref": null,
    "external_responsible": "",
    "external_responsible_phone": "",
    "external_email": "",
    "contact_email": "",
    "requester_cpf": "",
    "requester_role": "",
    "audience": "",
    "requester_entity_type": "",
    "age_ranges": "",
    "has_ramps": "",
    "has_elevators": "",
    "has_accessible_bathrooms": "",
    "media_equipment": "",
    "image_authorization": "",
    "activity_type": "",
    "kit_1": "",
    "kit_1_quantity": null,
    "material_1": "",
    "kit_2": "",
    "kit_2_quantity": null,
    "material_2": "",
    "kit_3": "",
    "kit_3_quantity": null,
    "material_3": "",
    "kit_4": "",
    "kit_4_quantity": null,
    "material_4": "",
    "kit_5": "",
    "kit_5_quantity": null,
    "material_5": "",
    "kit_6": "",
    "kit_6_quantity": null,
    "material_6": "",
    "kit_7": "",
    "kit_7_quantity": null,
    "responsible": 2,
    "sector": 1,
    "status": "COMPLETED",
    "origin": "INTERNAL",
    "cancel_reason": "",
    "notes": "Registro criado pelo seed inicial.",
    "created_by": 2,
    "created_at": "2026-05-28T13:48:52.568Z",
    "updated_at": "2026-05-28T13:48:52.568Z",
    "agents_ref": []
  }
},
{
  "model": "schedules.agenda",
  "pk": 5,
  "fields": {
    "title": "Palestra educativa - Escola Municipal",
    "source_id": "codex-calendar-01",
    "service_order_number": 4,
    "linked_action": null,
    "description": "Agenda de teste criada para visualiza??o no calend?rio: Palestra educativa - Escola Municipal.",
    "date": "2026-06-11",
    "start_time": "09:00:00",
    "end_time": "10:30:00",
    "location": "Escola Municipal Paulo Freire",
    "vehicle": "VTR-01",
    "vehicle_ref": null,
    "team_name": "ALFA",
    "team_ref": 11,
    "chief_name": "Chefe ALFA",
    "chief_ref": null,
    "team_phone": "(21) 99999-0000",
    "agents": "Agente ALFA 1; Agente ALFA 2",
    "support_1": "",
    "support_1_ref": null,
    "support_2": "",
    "support_2_ref": null,
    "action_type": "A??o educativa",
    "action_type_ref": null,
    "institution_location": "Escola Municipal Paulo Freire",
    "quantity": 1,
    "actions_count": 1,
    "schedule_text": "09:00 ?s 10:30",
    "time_2": null,
    "time_3": null,
    "address": "Rua de Teste 1, 100",
    "neighborhood": "Centro",
    "neighborhood_ref": null,
    "city": "Rio de Janeiro",
    "state": "RJ",
    "municipality_ref": null,
    "external_responsible": "Coordena??o de Educa??o",
    "external_responsible_phone": "(21) 98888-0000",
    "external_email": "teste@agenda.local",
    "contact_email": "teste@agenda.local",
    "requester_cpf": "",
    "requester_role": "",
    "audience": "P?blico geral",
    "requester_entity_type": "",
    "age_ranges": "",
    "has_ramps": "",
    "has_elevators": "",
    "has_accessible_bathrooms": "",
    "media_equipment": "",
    "image_authorization": "",
    "activity_type": "Educa??o",
    "kit_1": "",
    "kit_1_quantity": null,
    "material_1": "",
    "kit_2": "",
    "kit_2_quantity": null,
    "material_2": "",
    "kit_3": "",
    "kit_3_quantity": null,
    "material_3": "",
    "kit_4": "",
    "kit_4_quantity": null,
    "material_4": "",
    "kit_5": "",
    "kit_5_quantity": null,
    "material_5": "",
    "kit_6": "",
    "kit_6_quantity": null,
    "material_6": "",
    "kit_7": "",
    "kit_7_quantity": null,
    "responsible": 1,
    "sector": 5,
    "status": "APPROVED",
    "origin": "INTERNAL",
    "cancel_reason": "",
    "notes": "Registro de teste para visualiza??o no calend?rio.",
    "created_by": 1,
    "created_at": "2026-06-11T16:45:26.364Z",
    "updated_at": "2026-06-11T16:45:26.364Z",
    "agents_ref": []
  }
},
{
  "model": "schedules.agenda",
  "pk": 6,
  "fields": {
    "title": "Acao educativa - Praca Central",
    "source_id": "codex-calendar-02",
    "service_order_number": null,
    "linked_action": null,
    "description": "Agenda de teste criada para visualizacao no calendario: Acao educativa - Praca Central.",
    "date": "2026-06-12",
    "start_time": "14:00:00",
    "end_time": "16:00:00",
    "location": "Pra?a Central",
    "vehicle": "VTR-02",
    "vehicle_ref": null,
    "team_name": "BRAVO",
    "team_ref": 12,
    "chief_name": "Chefe BRAVO",
    "chief_ref": null,
    "team_phone": "(21) 99999-0000",
    "agents": "Agente BRAVO 1; Agente BRAVO 2",
    "support_1": "",
    "support_1_ref": null,
    "support_2": "",
    "support_2_ref": null,
    "action_type": "A??o educativa",
    "action_type_ref": null,
    "institution_location": "Pra?a Central",
    "quantity": 1,
    "actions_count": 1,
    "schedule_text": "Horario programado",
    "time_2": null,
    "time_3": null,
    "address": "Rua de Teste 2, 100",
    "neighborhood": "Centro",
    "neighborhood_ref": null,
    "city": "Rio de Janeiro",
    "state": "RJ",
    "municipality_ref": null,
    "external_responsible": "Coordena??o de Educa??o",
    "external_responsible_phone": "(21) 98888-0000",
    "external_email": "teste@agenda.local",
    "contact_email": "teste@agenda.local",
    "requester_cpf": "",
    "requester_role": "",
    "audience": "P?blico geral",
    "requester_entity_type": "",
    "age_ranges": "",
    "has_ramps": "",
    "has_elevators": "",
    "has_accessible_bathrooms": "",
    "media_equipment": "",
    "image_authorization": "",
    "activity_type": "Educa??o",
    "kit_1": "",
    "kit_1_quantity": null,
    "material_1": "",
    "kit_2": "",
    "kit_2_quantity": null,
    "material_2": "",
    "kit_3": "",
    "kit_3_quantity": null,
    "material_3": "",
    "kit_4": "",
    "kit_4_quantity": null,
    "material_4": "",
    "kit_5": "",
    "kit_5_quantity": null,
    "material_5": "",
    "kit_6": "",
    "kit_6_quantity": null,
    "material_6": "",
    "kit_7": "",
    "kit_7_quantity": null,
    "responsible": 1,
    "sector": 6,
    "status": "PENDING",
    "origin": "INTERNAL",
    "cancel_reason": "",
    "notes": "Registro de teste para visualiza??o no calend?rio.",
    "created_by": 1,
    "created_at": "2026-06-11T16:45:26.702Z",
    "updated_at": "2026-06-11T16:45:26.702Z",
    "agents_ref": []
  }
},
{
  "model": "schedules.agenda",
  "pk": 7,
  "fields": {
    "title": "Blitz educativa - Terminal Rodoviario",
    "source_id": "codex-calendar-03",
    "service_order_number": 5,
    "linked_action": null,
    "description": "Agenda de teste criada para visualizacao no calendario: Blitz educativa - Terminal Rodoviario.",
    "date": "2026-06-13",
    "start_time": "08:30:00",
    "end_time": "11:30:00",
    "location": "Terminal Rodovi?rio",
    "vehicle": "VTR-03",
    "vehicle_ref": null,
    "team_name": "CHARLIE",
    "team_ref": 13,
    "chief_name": "Chefe CHARLIE",
    "chief_ref": null,
    "team_phone": "(21) 99999-0000",
    "agents": "Agente CHARLIE 1; Agente CHARLIE 2",
    "support_1": "",
    "support_1_ref": null,
    "support_2": "",
    "support_2_ref": null,
    "action_type": "A??o educativa",
    "action_type_ref": null,
    "institution_location": "Terminal Rodovi?rio",
    "quantity": 1,
    "actions_count": 1,
    "schedule_text": "Horario programado",
    "time_2": null,
    "time_3": null,
    "address": "Rua de Teste 3, 100",
    "neighborhood": "Centro",
    "neighborhood_ref": null,
    "city": "Rio de Janeiro",
    "state": "RJ",
    "municipality_ref": null,
    "external_responsible": "Coordena??o de Educa??o",
    "external_responsible_phone": "(21) 98888-0000",
    "external_email": "teste@agenda.local",
    "contact_email": "teste@agenda.local",
    "requester_cpf": "",
    "requester_role": "",
    "audience": "P?blico geral",
    "requester_entity_type": "",
    "age_ranges": "",
    "has_ramps": "",
    "has_elevators": "",
    "has_accessible_bathrooms": "",
    "media_equipment": "",
    "image_authorization": "",
    "activity_type": "Educa??o",
    "kit_1": "",
    "kit_1_quantity": null,
    "material_1": "",
    "kit_2": "",
    "kit_2_quantity": null,
    "material_2": "",
    "kit_3": "",
    "kit_3_quantity": null,
    "material_3": "",
    "kit_4": "",
    "kit_4_quantity": null,
    "material_4": "",
    "kit_5": "",
    "kit_5_quantity": null,
    "material_5": "",
    "kit_6": "",
    "kit_6_quantity": null,
    "material_6": "",
    "kit_7": "",
    "kit_7_quantity": null,
    "responsible": 1,
    "sector": 7,
    "status": "APPROVED",
    "origin": "INTERNAL",
    "cancel_reason": "",
    "notes": "Registro de teste para visualiza??o no calend?rio.",
    "created_by": 1,
    "created_at": "2026-06-11T16:45:27.020Z",
    "updated_at": "2026-06-11T16:45:27.020Z",
    "agents_ref": []
  }
},
{
  "model": "schedules.agenda",
  "pk": 8,
  "fields": {
    "title": "Oficina Lei Seca - Universidade",
    "source_id": "codex-calendar-04",
    "service_order_number": 6,
    "linked_action": null,
    "description": "Agenda de teste criada para visualiza??o no calend?rio: Oficina Lei Seca - Universidade.",
    "date": "2026-06-15",
    "start_time": "10:00:00",
    "end_time": "12:00:00",
    "location": "Universidade Estadual",
    "vehicle": "VTR-04",
    "vehicle_ref": null,
    "team_name": "DELTA",
    "team_ref": 14,
    "chief_name": "Chefe DELTA",
    "chief_ref": null,
    "team_phone": "(21) 99999-0000",
    "agents": "Agente DELTA 1; Agente DELTA 2",
    "support_1": "",
    "support_1_ref": null,
    "support_2": "",
    "support_2_ref": null,
    "action_type": "A??o educativa",
    "action_type_ref": null,
    "institution_location": "Universidade Estadual",
    "quantity": 1,
    "actions_count": 1,
    "schedule_text": "10:00 ?s 12:00",
    "time_2": null,
    "time_3": null,
    "address": "Rua de Teste 4, 100",
    "neighborhood": "Centro",
    "neighborhood_ref": null,
    "city": "Rio de Janeiro",
    "state": "RJ",
    "municipality_ref": null,
    "external_responsible": "Coordena??o de Educa??o",
    "external_responsible_phone": "(21) 98888-0000",
    "external_email": "teste@agenda.local",
    "contact_email": "teste@agenda.local",
    "requester_cpf": "",
    "requester_role": "",
    "audience": "P?blico geral",
    "requester_entity_type": "",
    "age_ranges": "",
    "has_ramps": "",
    "has_elevators": "",
    "has_accessible_bathrooms": "",
    "media_equipment": "",
    "image_authorization": "",
    "activity_type": "Educa??o",
    "kit_1": "",
    "kit_1_quantity": null,
    "material_1": "",
    "kit_2": "",
    "kit_2_quantity": null,
    "material_2": "",
    "kit_3": "",
    "kit_3_quantity": null,
    "material_3": "",
    "kit_4": "",
    "kit_4_quantity": null,
    "material_4": "",
    "kit_5": "",
    "kit_5_quantity": null,
    "material_5": "",
    "kit_6": "",
    "kit_6_quantity": null,
    "material_6": "",
    "kit_7": "",
    "kit_7_quantity": null,
    "responsible": 1,
    "sector": 8,
    "status": "APPROVED",
    "origin": "INTERNAL",
    "cancel_reason": "",
    "notes": "Registro de teste para visualiza??o no calend?rio.",
    "created_by": 1,
    "created_at": "2026-06-11T16:45:28.018Z",
    "updated_at": "2026-06-11T16:45:28.018Z",
    "agents_ref": []
  }
},
{
  "model": "schedules.agenda",
  "pk": 9,
  "fields": {
    "title": "Acao social - Centro Comunitario",
    "source_id": "codex-calendar-05",
    "service_order_number": null,
    "linked_action": null,
    "description": "Agenda de teste criada para visualizacao no calendario: Acao social - Centro Comunitario.",
    "date": "2026-06-17",
    "start_time": "13:30:00",
    "end_time": "15:30:00",
    "location": "Centro Comunit?rio",
    "vehicle": "VTR-05",
    "vehicle_ref": null,
    "team_name": "ECHO",
    "team_ref": 15,
    "chief_name": "Chefe ECHO",
    "chief_ref": null,
    "team_phone": "(21) 99999-0000",
    "agents": "Agente ECHO 1; Agente ECHO 2",
    "support_1": "",
    "support_1_ref": null,
    "support_2": "",
    "support_2_ref": null,
    "action_type": "A??o educativa",
    "action_type_ref": null,
    "institution_location": "Centro Comunit?rio",
    "quantity": 1,
    "actions_count": 1,
    "schedule_text": "Horario programado",
    "time_2": null,
    "time_3": null,
    "address": "Rua de Teste 5, 100",
    "neighborhood": "Centro",
    "neighborhood_ref": null,
    "city": "Rio de Janeiro",
    "state": "RJ",
    "municipality_ref": null,
    "external_responsible": "Coordena??o de Educa??o",
    "external_responsible_phone": "(21) 98888-0000",
    "external_email": "teste@agenda.local",
    "contact_email": "teste@agenda.local",
    "requester_cpf": "",
    "requester_role": "",
    "audience": "P?blico geral",
    "requester_entity_type": "",
    "age_ranges": "",
    "has_ramps": "",
    "has_elevators": "",
    "has_accessible_bathrooms": "",
    "media_equipment": "",
    "image_authorization": "",
    "activity_type": "Educa??o",
    "kit_1": "",
    "kit_1_quantity": null,
    "material_1": "",
    "kit_2": "",
    "kit_2_quantity": null,
    "material_2": "",
    "kit_3": "",
    "kit_3_quantity": null,
    "material_3": "",
    "kit_4": "",
    "kit_4_quantity": null,
    "material_4": "",
    "kit_5": "",
    "kit_5_quantity": null,
    "material_5": "",
    "kit_6": "",
    "kit_6_quantity": null,
    "material_6": "",
    "kit_7": "",
    "kit_7_quantity": null,
    "responsible": 1,
    "sector": 9,
    "status": "PENDING",
    "origin": "INTERNAL",
    "cancel_reason": "",
    "notes": "Registro de teste para visualiza??o no calend?rio.",
    "created_by": 1,
    "created_at": "2026-06-11T16:45:28.494Z",
    "updated_at": "2026-06-11T16:45:28.494Z",
    "agents_ref": []
  }
},
{
  "model": "schedules.agenda",
  "pk": 10,
  "fields": {
    "title": "Palestra para visitantes",
    "source_id": "codex-calendar-06",
    "service_order_number": 7,
    "linked_action": null,
    "description": "Agenda de teste criada para visualiza??o no calend?rio: Palestra para visitantes.",
    "date": "2026-06-19",
    "start_time": "09:30:00",
    "end_time": "11:00:00",
    "location": "Audit?rio OLS",
    "vehicle": "VTR-06",
    "vehicle_ref": null,
    "team_name": "FOX",
    "team_ref": 30,
    "chief_name": "Chefe FOX",
    "chief_ref": null,
    "team_phone": "(21) 99999-0000",
    "agents": "Agente FOX 1; Agente FOX 2",
    "support_1": "",
    "support_1_ref": null,
    "support_2": "",
    "support_2_ref": null,
    "action_type": "A??o educativa",
    "action_type_ref": null,
    "institution_location": "Audit?rio OLS",
    "quantity": 1,
    "actions_count": 1,
    "schedule_text": "09:30 ?s 11:00",
    "time_2": null,
    "time_3": null,
    "address": "Rua de Teste 6, 100",
    "neighborhood": "Centro",
    "neighborhood_ref": null,
    "city": "Rio de Janeiro",
    "state": "RJ",
    "municipality_ref": null,
    "external_responsible": "Coordena??o de Educa??o",
    "external_responsible_phone": "(21) 98888-0000",
    "external_email": "teste@agenda.local",
    "contact_email": "teste@agenda.local",
    "requester_cpf": "",
    "requester_role": "",
    "audience": "P?blico geral",
    "requester_entity_type": "",
    "age_ranges": "",
    "has_ramps": "",
    "has_elevators": "",
    "has_accessible_bathrooms": "",
    "media_equipment": "",
    "image_authorization": "",
    "activity_type": "Educa??o",
    "kit_1": "",
    "kit_1_quantity": null,
    "material_1": "",
    "kit_2": "",
    "kit_2_quantity": null,
    "material_2": "",
    "kit_3": "",
    "kit_3_quantity": null,
    "material_3": "",
    "kit_4": "",
    "kit_4_quantity": null,
    "material_4": "",
    "kit_5": "",
    "kit_5_quantity": null,
    "material_5": "",
    "kit_6": "",
    "kit_6_quantity": null,
    "material_6": "",
    "kit_7": "",
    "kit_7_quantity": null,
    "responsible": 1,
    "sector": 10,
    "status": "APPROVED",
    "origin": "INTERNAL",
    "cancel_reason": "",
    "notes": "Registro de teste para visualiza??o no calend?rio.",
    "created_by": 1,
    "created_at": "2026-06-11T16:45:28.802Z",
    "updated_at": "2026-06-11T16:45:28.802Z",
    "agents_ref": []
  }
},
{
  "model": "schedules.agenda",
  "pk": 11,
  "fields": {
    "title": "Educacao no transito - Shopping",
    "source_id": "codex-calendar-07",
    "service_order_number": 8,
    "linked_action": null,
    "description": "Agenda de teste criada para visualizacao no calendario: Educacao no transito - Shopping.",
    "date": "2026-06-21",
    "start_time": "15:00:00",
    "end_time": "17:00:00",
    "location": "Shopping Centro",
    "vehicle": "VTR-07",
    "vehicle_ref": null,
    "team_name": "GOLF",
    "team_ref": 31,
    "chief_name": "Chefe GOLF",
    "chief_ref": null,
    "team_phone": "(21) 99999-0000",
    "agents": "Agente GOLF 1; Agente GOLF 2",
    "support_1": "",
    "support_1_ref": null,
    "support_2": "",
    "support_2_ref": null,
    "action_type": "A??o educativa",
    "action_type_ref": null,
    "institution_location": "Shopping Centro",
    "quantity": 1,
    "actions_count": 1,
    "schedule_text": "Horario programado",
    "time_2": null,
    "time_3": null,
    "address": "Rua de Teste 7, 100",
    "neighborhood": "Centro",
    "neighborhood_ref": null,
    "city": "Rio de Janeiro",
    "state": "RJ",
    "municipality_ref": null,
    "external_responsible": "Coordena??o de Educa??o",
    "external_responsible_phone": "(21) 98888-0000",
    "external_email": "teste@agenda.local",
    "contact_email": "teste@agenda.local",
    "requester_cpf": "",
    "requester_role": "",
    "audience": "P?blico geral",
    "requester_entity_type": "",
    "age_ranges": "",
    "has_ramps": "",
    "has_elevators": "",
    "has_accessible_bathrooms": "",
    "media_equipment": "",
    "image_authorization": "",
    "activity_type": "Educa??o",
    "kit_1": "",
    "kit_1_quantity": null,
    "material_1": "",
    "kit_2": "",
    "kit_2_quantity": null,
    "material_2": "",
    "kit_3": "",
    "kit_3_quantity": null,
    "material_3": "",
    "kit_4": "",
    "kit_4_quantity": null,
    "material_4": "",
    "kit_5": "",
    "kit_5_quantity": null,
    "material_5": "",
    "kit_6": "",
    "kit_6_quantity": null,
    "material_6": "",
    "kit_7": "",
    "kit_7_quantity": null,
    "responsible": 1,
    "sector": 11,
    "status": "COMPLETED",
    "origin": "INTERNAL",
    "cancel_reason": "",
    "notes": "Registro de teste para visualiza??o no calend?rio.",
    "created_by": 1,
    "created_at": "2026-06-11T16:45:29.176Z",
    "updated_at": "2026-06-11T16:45:29.176Z",
    "agents_ref": []
  }
},
{
  "model": "schedules.agenda",
  "pk": 12,
  "fields": {
    "title": "Roda de conversa - Empresa parceira",
    "source_id": "codex-calendar-08",
    "service_order_number": 9,
    "linked_action": null,
    "description": "Agenda de teste criada para visualiza??o no calend?rio: Roda de conversa - Empresa parceira.",
    "date": "2026-06-24",
    "start_time": "08:00:00",
    "end_time": "09:30:00",
    "location": "Empresa Parceira",
    "vehicle": "VTR-08",
    "vehicle_ref": null,
    "team_name": "HOTEL",
    "team_ref": 33,
    "chief_name": "Chefe HOTEL",
    "chief_ref": null,
    "team_phone": "(21) 99999-0000",
    "agents": "Agente HOTEL 1; Agente HOTEL 2",
    "support_1": "",
    "support_1_ref": null,
    "support_2": "",
    "support_2_ref": null,
    "action_type": "A??o educativa",
    "action_type_ref": null,
    "institution_location": "Empresa Parceira",
    "quantity": 1,
    "actions_count": 1,
    "schedule_text": "08:00 ?s 09:30",
    "time_2": null,
    "time_3": null,
    "address": "Rua de Teste 8, 100",
    "neighborhood": "Centro",
    "neighborhood_ref": null,
    "city": "Rio de Janeiro",
    "state": "RJ",
    "municipality_ref": null,
    "external_responsible": "Coordena??o de Educa??o",
    "external_responsible_phone": "(21) 98888-0000",
    "external_email": "teste@agenda.local",
    "contact_email": "teste@agenda.local",
    "requester_cpf": "",
    "requester_role": "",
    "audience": "P?blico geral",
    "requester_entity_type": "",
    "age_ranges": "",
    "has_ramps": "",
    "has_elevators": "",
    "has_accessible_bathrooms": "",
    "media_equipment": "",
    "image_authorization": "",
    "activity_type": "Educa??o",
    "kit_1": "",
    "kit_1_quantity": null,
    "material_1": "",
    "kit_2": "",
    "kit_2_quantity": null,
    "material_2": "",
    "kit_3": "",
    "kit_3_quantity": null,
    "material_3": "",
    "kit_4": "",
    "kit_4_quantity": null,
    "material_4": "",
    "kit_5": "",
    "kit_5_quantity": null,
    "material_5": "",
    "kit_6": "",
    "kit_6_quantity": null,
    "material_6": "",
    "kit_7": "",
    "kit_7_quantity": null,
    "responsible": 1,
    "sector": 12,
    "status": "APPROVED",
    "origin": "INTERNAL",
    "cancel_reason": "",
    "notes": "Registro de teste para visualiza??o no calend?rio.",
    "created_by": 1,
    "created_at": "2026-06-11T16:45:29.516Z",
    "updated_at": "2026-06-11T16:45:29.516Z",
    "agents_ref": []
  }
},
{
  "model": "schedules.agenda",
  "pk": 13,
  "fields": {
    "title": "Palestra Empresa - lçkl",
    "source_id": null,
    "service_order_number": 12,
    "linked_action": null,
    "description": "Palestra Empresa - lçkl",
    "date": "2026-06-10",
    "start_time": "10:00:00",
    "end_time": "11:00:00",
    "location": "lçkl",
    "vehicle": "Fiorino – RJO3D88 - Van – TEC0I38 - Van – TEC0I37",
    "vehicle_ref": 10,
    "team_name": "BRAVO",
    "team_ref": 12,
    "chief_name": "ALDOMIR TORRES DE OLIVEIRA",
    "chief_ref": 1,
    "team_phone": "21 99023-5193",
    "agents": "ALESSANDRO LUIZ ALLEN LACOLLA MONTANO - DOUGLAS JUNIOR LISBOA MAZZONI - ORLANDO DA SILVA - PEDRO PAULO PAIVA GARDONI DOS SANTOS",
    "support_1": "ALEXANDRE PEREIRA SANTIAGO",
    "support_1_ref": 1,
    "support_2": "RONALDO DA CONCEIÇÃO FERREIRA LIMA",
    "support_2_ref": 11,
    "action_type": "Palestra Empresa",
    "action_type_ref": null,
    "institution_location": "lçkl",
    "quantity": 100,
    "actions_count": 1,
    "schedule_text": "",
    "time_2": null,
    "time_3": null,
    "address": "Rua Mário Covas Junior, nº 335, apt 407",
    "neighborhood": "Riachuelo",
    "neighborhood_ref": null,
    "city": "Rio de Janeiro",
    "state": "RJ",
    "municipality_ref": null,
    "external_responsible": "FABIO JOSE FERREIRA CUNHA",
    "external_responsible_phone": "21969173128",
    "external_email": "fabiocunhaosp@gmail.com",
    "contact_email": "",
    "requester_cpf": "",
    "requester_role": "lkjç",
    "audience": "",
    "requester_entity_type": "Empresa Privada",
    "age_ranges": "acima de 18 anos",
    "has_ramps": "Sim",
    "has_elevators": "Sim",
    "has_accessible_bathrooms": "Sim",
    "media_equipment": "Tela de projeção, Microfone, Entrada para pen drive",
    "image_authorization": "Não se aplica por envolver crianças e adolescentes.",
    "activity_type": "",
    "kit_1": "",
    "kit_1_quantity": null,
    "material_1": "",
    "kit_2": "",
    "kit_2_quantity": null,
    "material_2": "",
    "kit_3": "",
    "kit_3_quantity": null,
    "material_3": "",
    "kit_4": "",
    "kit_4_quantity": null,
    "material_4": "",
    "kit_5": "",
    "kit_5_quantity": null,
    "material_5": "",
    "kit_6": "",
    "kit_6_quantity": null,
    "material_6": "",
    "kit_7": "",
    "kit_7_quantity": null,
    "responsible": 1,
    "sector": 14,
    "status": "APPROVED",
    "origin": "INTERNAL",
    "cancel_reason": "",
    "notes": "",
    "created_by": 1,
    "created_at": "2026-06-12T17:43:36.999Z",
    "updated_at": "2026-06-15T14:34:06.958Z",
    "agents_ref": [
      1,
      6,
      22,
      23
    ]
  }
},
{
  "model": "schedules.agenda",
  "pk": 14,
  "fields": {
    "title": "Palestra Empresa - teste",
    "source_id": null,
    "service_order_number": 10,
    "linked_action": null,
    "description": "Palestra Empresa - teste",
    "date": "2026-06-12",
    "start_time": "10:00:00",
    "end_time": "11:00:00",
    "location": "teste",
    "vehicle": "Fiorino – RJO3D88",
    "vehicle_ref": 10,
    "team_name": "ALFA",
    "team_ref": 11,
    "chief_name": "VITOR PARADIZZO CELESTINO",
    "chief_ref": 7,
    "team_phone": "21 96430-8470",
    "agents": "CLAUDIO ROMULO DE ARAUJO PINTO - ELAINE CRISTINA CORDEIRO DUTRA - JADIR ANTUNES",
    "support_1": "MARCELO SANTOS DA SILVA",
    "support_1_ref": 8,
    "support_2": "",
    "support_2_ref": null,
    "action_type": "Palestra Empresa",
    "action_type_ref": null,
    "institution_location": "teste",
    "quantity": 98,
    "actions_count": 1,
    "schedule_text": "",
    "time_2": null,
    "time_3": null,
    "address": "Rua Vinte e Quatro de Maio, nº 235, Apartamento 706",
    "neighborhood": "Riachuelo",
    "neighborhood_ref": null,
    "city": "Rio de Janeiro",
    "state": "RJ",
    "municipality_ref": null,
    "external_responsible": "Fabio Cunha",
    "external_responsible_phone": "21969173128",
    "external_email": "fabiocunhaosp@gmail.com",
    "contact_email": "",
    "requester_cpf": "",
    "requester_role": "rgg",
    "audience": "",
    "requester_entity_type": "Escola Privada",
    "age_ranges": "09 até 13 anos",
    "has_ramps": "Sim",
    "has_elevators": "Sim",
    "has_accessible_bathrooms": "Sim",
    "media_equipment": "Caixa de som, Tela de projeção",
    "image_authorization": "Não se aplica por envolver crianças e adolescentes.",
    "activity_type": "",
    "kit_1": "",
    "kit_1_quantity": null,
    "material_1": "",
    "kit_2": "",
    "kit_2_quantity": null,
    "material_2": "",
    "kit_3": "",
    "kit_3_quantity": null,
    "material_3": "",
    "kit_4": "",
    "kit_4_quantity": null,
    "material_4": "",
    "kit_5": "",
    "kit_5_quantity": null,
    "material_5": "",
    "kit_6": "",
    "kit_6_quantity": null,
    "material_6": "",
    "kit_7": "",
    "kit_7_quantity": null,
    "responsible": 1,
    "sector": 14,
    "status": "APPROVED",
    "origin": "INTERNAL",
    "cancel_reason": "",
    "notes": "",
    "created_by": 1,
    "created_at": "2026-06-12T19:31:33.786Z",
    "updated_at": "2026-06-15T20:04:20.288Z",
    "agents_ref": [
      3,
      7,
      11
    ]
  }
},
{
  "model": "schedules.agenda",
  "pk": 15,
  "fields": {
    "title": "Palestra Empresa - gewg",
    "source_id": null,
    "service_order_number": 11,
    "linked_action": null,
    "description": "Palestra Empresa - gewg",
    "date": "2026-06-10",
    "start_time": "14:00:00",
    "end_time": "15:00:00",
    "location": "gewg",
    "vehicle": "Fiorino – RJO3D88 - Van – TEC0I37 - Ônix – TUC2D95",
    "vehicle_ref": 10,
    "team_name": "BRAVO",
    "team_ref": 12,
    "chief_name": "ALDOMIR TORRES DE OLIVEIRA",
    "chief_ref": 1,
    "team_phone": "21 99023-5193",
    "agents": "ALESSANDRO LUIZ ALLEN LACOLLA MONTANO - DOUGLAS JUNIOR LISBOA MAZZONI - ORLANDO DA SILVA - PEDRO PAULO PAIVA GARDONI DOS SANTOS",
    "support_1": "ALEXANDRE PEREIRA SANTIAGO",
    "support_1_ref": 1,
    "support_2": "RONALDO DA CONCEIÇÃO FERREIRA LIMA",
    "support_2_ref": 11,
    "action_type": "Palestra Empresa",
    "action_type_ref": null,
    "institution_location": "gewg",
    "quantity": 50,
    "actions_count": 1,
    "schedule_text": "14:00 - 15:00",
    "time_2": null,
    "time_3": null,
    "address": "Rua Vinte e Quatro de Maio, nº 235, Apartamento 706",
    "neighborhood": "Riachuelo",
    "neighborhood_ref": null,
    "city": "Rio de Janeiro",
    "state": "RJ",
    "municipality_ref": null,
    "external_responsible": "Fabio Cunha",
    "external_responsible_phone": "21969173128",
    "external_email": "fabiocunhaosp@gmail.com",
    "contact_email": "",
    "requester_cpf": "",
    "requester_role": "gh",
    "audience": "",
    "requester_entity_type": "Escola Estadual",
    "age_ranges": "acima de 18 anos",
    "has_ramps": "Não",
    "has_elevators": "Sim",
    "has_accessible_bathrooms": "Sim",
    "media_equipment": "Microfone",
    "image_authorization": "Não se aplica por envolver crianças e adolescentes.",
    "activity_type": "",
    "kit_1": "",
    "kit_1_quantity": null,
    "material_1": "",
    "kit_2": "",
    "kit_2_quantity": null,
    "material_2": "",
    "kit_3": "",
    "kit_3_quantity": null,
    "material_3": "",
    "kit_4": "",
    "kit_4_quantity": null,
    "material_4": "",
    "kit_5": "",
    "kit_5_quantity": null,
    "material_5": "",
    "kit_6": "",
    "kit_6_quantity": null,
    "material_6": "",
    "kit_7": "",
    "kit_7_quantity": null,
    "responsible": 1,
    "sector": 14,
    "status": "APPROVED",
    "origin": "INTERNAL",
    "cancel_reason": "",
    "notes": "",
    "created_by": 1,
    "created_at": "2026-06-12T19:44:06.853Z",
    "updated_at": "2026-06-12T19:45:29.984Z",
    "agents_ref": [
      1,
      6,
      22,
      23
    ]
  }
},
{
  "model": "schedules.agenda",
  "pk": 16,
  "fields": {
    "title": "Reuniao de alinhamento",
    "source_id": null,
    "service_order_number": 13,
    "linked_action": null,
    "description": "Agenda de exemplo: Reuniao de alinhamento.",
    "date": "2026-06-15",
    "start_time": "09:00:00",
    "end_time": "10:00:00",
    "location": "Sala 01",
    "vehicle": "VTR-01",
    "vehicle_ref": null,
    "team_name": "Operações",
    "team_ref": null,
    "chief_name": "Supervisor Operações",
    "chief_ref": null,
    "team_phone": "(11) 90000-0000",
    "agents": "Agente 1; Agente 2",
    "support_1": "",
    "support_1_ref": null,
    "support_2": "",
    "support_2_ref": null,
    "action_type": "Atividade programada",
    "action_type_ref": null,
    "institution_location": "Sala 01",
    "quantity": 1,
    "actions_count": null,
    "schedule_text": "09:00 as 10:00",
    "time_2": null,
    "time_3": null,
    "address": "Endereço de exemplo",
    "neighborhood": "Centro",
    "neighborhood_ref": null,
    "city": "São Paulo",
    "state": "",
    "municipality_ref": null,
    "external_responsible": "Supervisor Operações",
    "external_responsible_phone": "(11) 98888-8888",
    "external_email": "contato@agenda.local",
    "contact_email": "",
    "requester_cpf": "",
    "requester_role": "",
    "audience": "Público interno",
    "requester_entity_type": "",
    "age_ranges": "",
    "has_ramps": "",
    "has_elevators": "",
    "has_accessible_bathrooms": "",
    "media_equipment": "",
    "image_authorization": "",
    "activity_type": "Operacional",
    "kit_1": "",
    "kit_1_quantity": null,
    "material_1": "",
    "kit_2": "",
    "kit_2_quantity": null,
    "material_2": "",
    "kit_3": "",
    "kit_3_quantity": null,
    "material_3": "",
    "kit_4": "",
    "kit_4_quantity": null,
    "material_4": "",
    "kit_5": "",
    "kit_5_quantity": null,
    "material_5": "",
    "kit_6": "",
    "kit_6_quantity": null,
    "material_6": "",
    "kit_7": "",
    "kit_7_quantity": null,
    "responsible": 2,
    "sector": 15,
    "status": "APPROVED",
    "origin": "INTERNAL",
    "cancel_reason": "",
    "notes": "Registro criado pelo seed inicial.",
    "created_by": 1,
    "created_at": "2026-06-15T14:43:38.418Z",
    "updated_at": "2026-06-15T14:43:38.418Z",
    "agents_ref": []
  }
},
{
  "model": "schedules.agenda",
  "pk": 17,
  "fields": {
    "title": "Atendimento tecnico",
    "source_id": null,
    "service_order_number": null,
    "linked_action": null,
    "description": "Agenda de exemplo: Atendimento tecnico.",
    "date": "2026-06-15",
    "start_time": "14:00:00",
    "end_time": "15:30:00",
    "location": "Unidade Centro",
    "vehicle": "VTR-01",
    "vehicle_ref": null,
    "team_name": "Atendimento",
    "team_ref": null,
    "chief_name": "Usuario Comum",
    "chief_ref": null,
    "team_phone": "(11) 90000-0000",
    "agents": "Agente 1; Agente 2",
    "support_1": "",
    "support_1_ref": null,
    "support_2": "",
    "support_2_ref": null,
    "action_type": "Atividade programada",
    "action_type_ref": null,
    "institution_location": "Unidade Centro",
    "quantity": 1,
    "actions_count": null,
    "schedule_text": "14:00 as 15:30",
    "time_2": null,
    "time_3": null,
    "address": "Endereço de exemplo",
    "neighborhood": "Centro",
    "neighborhood_ref": null,
    "city": "São Paulo",
    "state": "",
    "municipality_ref": null,
    "external_responsible": "Usuario Comum",
    "external_responsible_phone": "(11) 98888-8888",
    "external_email": "contato@agenda.local",
    "contact_email": "",
    "requester_cpf": "",
    "requester_role": "",
    "audience": "Público interno",
    "requester_entity_type": "",
    "age_ranges": "",
    "has_ramps": "",
    "has_elevators": "",
    "has_accessible_bathrooms": "",
    "media_equipment": "",
    "image_authorization": "",
    "activity_type": "Operacional",
    "kit_1": "",
    "kit_1_quantity": null,
    "material_1": "",
    "kit_2": "",
    "kit_2_quantity": null,
    "material_2": "",
    "kit_3": "",
    "kit_3_quantity": null,
    "material_3": "",
    "kit_4": "",
    "kit_4_quantity": null,
    "material_4": "",
    "kit_5": "",
    "kit_5_quantity": null,
    "material_5": "",
    "kit_6": "",
    "kit_6_quantity": null,
    "material_6": "",
    "kit_7": "",
    "kit_7_quantity": null,
    "responsible": 3,
    "sector": 2,
    "status": "PENDING",
    "origin": "INTERNAL",
    "cancel_reason": "",
    "notes": "Registro criado pelo seed inicial.",
    "created_by": 3,
    "created_at": "2026-06-15T14:43:38.803Z",
    "updated_at": "2026-06-15T14:43:38.803Z",
    "agents_ref": []
  }
},
{
  "model": "schedules.agenda",
  "pk": 18,
  "fields": {
    "title": "Escala externa",
    "source_id": null,
    "service_order_number": 14,
    "linked_action": null,
    "description": "Agenda de exemplo: Escala externa.",
    "date": "2026-06-16",
    "start_time": "08:00:00",
    "end_time": "12:00:00",
    "location": "Base Norte",
    "vehicle": "VTR-01",
    "vehicle_ref": null,
    "team_name": "Campo",
    "team_ref": null,
    "chief_name": "Supervisor Operações",
    "chief_ref": null,
    "team_phone": "(11) 90000-0000",
    "agents": "Agente 1; Agente 2",
    "support_1": "",
    "support_1_ref": null,
    "support_2": "",
    "support_2_ref": null,
    "action_type": "Atividade programada",
    "action_type_ref": null,
    "institution_location": "Base Norte",
    "quantity": 1,
    "actions_count": null,
    "schedule_text": "08:00 as 12:00",
    "time_2": null,
    "time_3": null,
    "address": "Endereço de exemplo",
    "neighborhood": "Centro",
    "neighborhood_ref": null,
    "city": "São Paulo",
    "state": "",
    "municipality_ref": null,
    "external_responsible": "Supervisor Operações",
    "external_responsible_phone": "(11) 98888-8888",
    "external_email": "contato@agenda.local",
    "contact_email": "",
    "requester_cpf": "",
    "requester_role": "",
    "audience": "Público interno",
    "requester_entity_type": "",
    "age_ranges": "",
    "has_ramps": "",
    "has_elevators": "",
    "has_accessible_bathrooms": "",
    "media_equipment": "",
    "image_authorization": "",
    "activity_type": "Operacional",
    "kit_1": "",
    "kit_1_quantity": null,
    "material_1": "",
    "kit_2": "",
    "kit_2_quantity": null,
    "material_2": "",
    "kit_3": "",
    "kit_3_quantity": null,
    "material_3": "",
    "kit_4": "",
    "kit_4_quantity": null,
    "material_4": "",
    "kit_5": "",
    "kit_5_quantity": null,
    "material_5": "",
    "kit_6": "",
    "kit_6_quantity": null,
    "material_6": "",
    "kit_7": "",
    "kit_7_quantity": null,
    "responsible": 2,
    "sector": 3,
    "status": "APPROVED",
    "origin": "INTERNAL",
    "cancel_reason": "",
    "notes": "Registro criado pelo seed inicial.",
    "created_by": 1,
    "created_at": "2026-06-15T14:43:39.106Z",
    "updated_at": "2026-06-15T14:43:39.106Z",
    "agents_ref": []
  }
},
{
  "model": "schedules.agenda",
  "pk": 19,
  "fields": {
    "title": "Fechamento semanal",
    "source_id": null,
    "service_order_number": 15,
    "linked_action": null,
    "description": "Agenda de exemplo: Fechamento semanal.",
    "date": "2026-06-17",
    "start_time": "16:00:00",
    "end_time": "17:00:00",
    "location": "Sala 02",
    "vehicle": "VTR-01",
    "vehicle_ref": null,
    "team_name": "Operações",
    "team_ref": null,
    "chief_name": "Supervisor Operações",
    "chief_ref": null,
    "team_phone": "(11) 90000-0000",
    "agents": "Agente 1; Agente 2",
    "support_1": "",
    "support_1_ref": null,
    "support_2": "",
    "support_2_ref": null,
    "action_type": "Atividade programada",
    "action_type_ref": null,
    "institution_location": "Sala 02",
    "quantity": 1,
    "actions_count": null,
    "schedule_text": "16:00 as 17:00",
    "time_2": null,
    "time_3": null,
    "address": "Endereço de exemplo",
    "neighborhood": "Centro",
    "neighborhood_ref": null,
    "city": "São Paulo",
    "state": "",
    "municipality_ref": null,
    "external_responsible": "Supervisor Operações",
    "external_responsible_phone": "(11) 98888-8888",
    "external_email": "contato@agenda.local",
    "contact_email": "",
    "requester_cpf": "",
    "requester_role": "",
    "audience": "Público interno",
    "requester_entity_type": "",
    "age_ranges": "",
    "has_ramps": "",
    "has_elevators": "",
    "has_accessible_bathrooms": "",
    "media_equipment": "",
    "image_authorization": "",
    "activity_type": "Operacional",
    "kit_1": "",
    "kit_1_quantity": null,
    "material_1": "",
    "kit_2": "",
    "kit_2_quantity": null,
    "material_2": "",
    "kit_3": "",
    "kit_3_quantity": null,
    "material_3": "",
    "kit_4": "",
    "kit_4_quantity": null,
    "material_4": "",
    "kit_5": "",
    "kit_5_quantity": null,
    "material_5": "",
    "kit_6": "",
    "kit_6_quantity": null,
    "material_6": "",
    "kit_7": "",
    "kit_7_quantity": null,
    "responsible": 2,
    "sector": 15,
    "status": "COMPLETED",
    "origin": "INTERNAL",
    "cancel_reason": "",
    "notes": "Registro criado pelo seed inicial.",
    "created_by": 2,
    "created_at": "2026-06-15T14:43:39.457Z",
    "updated_at": "2026-06-15T14:43:39.457Z",
    "agents_ref": []
  }
},
{
  "model": "schedules.agenda",
  "pk": 20,
  "fields": {
    "title": "Palestra Empresa - Facha",
    "source_id": null,
    "service_order_number": 16,
    "linked_action": null,
    "description": "Bla bla bla",
    "date": "2026-06-18",
    "start_time": "19:15:00",
    "end_time": "20:15:00",
    "location": "Facha",
    "vehicle": "Van – TEC0I38",
    "vehicle_ref": 6,
    "team_name": "DELTA",
    "team_ref": 14,
    "chief_name": "RAFAELLA GOMES SILVA",
    "chief_ref": 6,
    "team_phone": "21 98305-9792",
    "agents": "IRAPUÃ DA CUNHA MAGALHÃES - MARAJO SANT ANGELO DO NASCIMENTO - VALDIR FIGUEIREDO FILHO",
    "support_1": "ANA BEATRIZ NAVARRO DE ANDRADE AMARAL",
    "support_1_ref": 2,
    "support_2": "GILSIMAR VIEIRA DA FONSECA",
    "support_2_ref": 6,
    "action_type": "Palestra Empresa",
    "action_type_ref": null,
    "institution_location": "Facha",
    "quantity": 1,
    "actions_count": 1,
    "schedule_text": "",
    "time_2": null,
    "time_3": null,
    "address": "Rua Rita Vieira, nº 3",
    "neighborhood": "Madureira",
    "neighborhood_ref": null,
    "city": "Rio de Janeiro",
    "state": "RJ",
    "municipality_ref": null,
    "external_responsible": "Bia",
    "external_responsible_phone": "21976757464",
    "external_email": "bia@gmail.com",
    "contact_email": "",
    "requester_cpf": "",
    "requester_role": "Coordenadora",
    "audience": "",
    "requester_entity_type": "Universidade",
    "age_ranges": "acima de 18 anos",
    "has_ramps": "Sim",
    "has_elevators": "Sim",
    "has_accessible_bathrooms": "Sim",
    "media_equipment": "Datashow, Caixa de som, Cabo HDMI, Entrada para pen drive, Tela de projeção, Microfone, Notebook, TV, Acesso a internet",
    "image_authorization": "O requisitante da palestra acima identificado(a), com fundamento no art. 5º, X e XXVIII da Constituição Federal/1988, e no art. 18, da Lei 10.406, de 10/01/2002, AUTORIZA a Operação Lei Seca do Estado do Rio de Janeiro a utilizar as imagens, vídeos e/ou voz captadas durante a palestra promovida pela Operação Lei Seca, realizada na data solicitada neste formulário, ou em data posteriormente acordada, para fins de divulgação das atividades e propaganda, podendo, para tanto, reproduzi-la e/ou divulgá-la pela internet, mídia eletrônica, por jornais, revistas, folders; bem como por todo e qualquer material e veículo de comunicação, público e/ou privado, e por parceiros, com finalidade informativa e de utilidade pública, por tempo indeterminado. Declara ainda que não há nada a ser reclamado, a título de direitos conexos; referentes ao uso da imagem e/ou nome. A presente autorização é concedida a título gratuito.",
    "activity_type": "",
    "kit_1": "",
    "kit_1_quantity": null,
    "material_1": "",
    "kit_2": "",
    "kit_2_quantity": null,
    "material_2": "",
    "kit_3": "",
    "kit_3_quantity": null,
    "material_3": "",
    "kit_4": "",
    "kit_4_quantity": null,
    "material_4": "",
    "kit_5": "",
    "kit_5_quantity": null,
    "material_5": "",
    "kit_6": "",
    "kit_6_quantity": null,
    "material_6": "",
    "kit_7": "",
    "kit_7_quantity": null,
    "responsible": 1,
    "sector": 14,
    "status": "APPROVED",
    "origin": "INTERNAL",
    "cancel_reason": "Não tem banheiro",
    "notes": "Bla bla bla",
    "created_by": 1,
    "created_at": "2026-06-15T19:18:49.858Z",
    "updated_at": "2026-06-17T17:00:48.089Z",
    "agents_ref": [
      10,
      19,
      25
    ]
  }
},
{
  "model": "schedules.agendahistory",
  "pk": 1,
  "fields": {
    "agenda": 1,
    "changed_by": 1,
    "action": "CRIACAO_SEED",
    "snapshot": {
      "title": "Reuniao de alinhamento",
      "date": "2026-05-28",
      "start_time": "09:00:00",
      "end_time": "10:00:00",
      "location": "Sala 01",
      "status": "APPROVED",
      "sector_id": 1,
      "responsible_id": 2
    },
    "created_at": "2026-05-28T13:48:51.953Z"
  }
},
{
  "model": "schedules.agendahistory",
  "pk": 2,
  "fields": {
    "agenda": 2,
    "changed_by": 3,
    "action": "CRIACAO_SEED",
    "snapshot": {
      "title": "Atendimento tecnico",
      "date": "2026-05-28",
      "start_time": "14:00:00",
      "end_time": "15:30:00",
      "location": "Unidade Centro",
      "status": "PENDING",
      "sector_id": 2,
      "responsible_id": 3
    },
    "created_at": "2026-05-28T13:48:52.186Z"
  }
},
{
  "model": "schedules.agendahistory",
  "pk": 3,
  "fields": {
    "agenda": 3,
    "changed_by": 1,
    "action": "CRIACAO_SEED",
    "snapshot": {
      "title": "Escala externa",
      "date": "2026-05-29",
      "start_time": "08:00:00",
      "end_time": "12:00:00",
      "location": "Base Norte",
      "status": "APPROVED",
      "sector_id": 3,
      "responsible_id": 2
    },
    "created_at": "2026-05-28T13:48:52.438Z"
  }
},
{
  "model": "schedules.agendahistory",
  "pk": 4,
  "fields": {
    "agenda": 4,
    "changed_by": 2,
    "action": "CRIACAO_SEED",
    "snapshot": {
      "title": "Fechamento semanal",
      "date": "2026-05-30",
      "start_time": "16:00:00",
      "end_time": "17:00:00",
      "location": "Sala 02",
      "status": "COMPLETED",
      "sector_id": 1,
      "responsible_id": 2
    },
    "created_at": "2026-05-28T13:48:52.684Z"
  }
},
{
  "model": "schedules.agendahistory",
  "pk": 5,
  "fields": {
    "agenda": 5,
    "changed_by": 1,
    "action": "CRIACAO_TESTE_CALENDARIO",
    "snapshot": {
      "title": "Palestra educativa - Escola Municipal",
      "date": "2026-06-11",
      "start_time": "09:00:00",
      "end_time": "10:30:00",
      "location": "Escola Municipal Paulo Freire",
      "status": "APPROVED",
      "origin": "INTERNAL",
      "cancel_reason": "",
      "sector_id": 5,
      "responsible_id": 1,
      "vehicle": "VTR-01",
      "team_name": "ALFA",
      "action_type": "A??o educativa",
      "city": "Rio de Janeiro",
      "state": "RJ",
      "requester_entity_type": "",
      "age_ranges": ""
    },
    "created_at": "2026-06-11T16:45:26.558Z"
  }
},
{
  "model": "schedules.agendahistory",
  "pk": 6,
  "fields": {
    "agenda": 6,
    "changed_by": 1,
    "action": "CRIACAO_TESTE_CALENDARIO",
    "snapshot": {
      "title": "A??o educativa - Pra?a Central",
      "date": "2026-06-12",
      "start_time": "14:00:00",
      "end_time": "16:00:00",
      "location": "Pra?a Central",
      "status": "PENDING",
      "origin": "INTERNAL",
      "cancel_reason": "",
      "sector_id": 6,
      "responsible_id": 1,
      "vehicle": "VTR-02",
      "team_name": "BRAVO",
      "action_type": "A??o educativa",
      "city": "Rio de Janeiro",
      "state": "RJ",
      "requester_entity_type": "",
      "age_ranges": ""
    },
    "created_at": "2026-06-11T16:45:26.889Z"
  }
},
{
  "model": "schedules.agendahistory",
  "pk": 7,
  "fields": {
    "agenda": 7,
    "changed_by": 1,
    "action": "CRIACAO_TESTE_CALENDARIO",
    "snapshot": {
      "title": "Blitz educativa - Terminal Rodovi?rio",
      "date": "2026-06-13",
      "start_time": "08:30:00",
      "end_time": "11:30:00",
      "location": "Terminal Rodovi?rio",
      "status": "APPROVED",
      "origin": "INTERNAL",
      "cancel_reason": "",
      "sector_id": 7,
      "responsible_id": 1,
      "vehicle": "VTR-03",
      "team_name": "CHARLIE",
      "action_type": "A??o educativa",
      "city": "Rio de Janeiro",
      "state": "RJ",
      "requester_entity_type": "",
      "age_ranges": ""
    },
    "created_at": "2026-06-11T16:45:27.560Z"
  }
},
{
  "model": "schedules.agendahistory",
  "pk": 8,
  "fields": {
    "agenda": 8,
    "changed_by": 1,
    "action": "CRIACAO_TESTE_CALENDARIO",
    "snapshot": {
      "title": "Oficina Lei Seca - Universidade",
      "date": "2026-06-15",
      "start_time": "10:00:00",
      "end_time": "12:00:00",
      "location": "Universidade Estadual",
      "status": "APPROVED",
      "origin": "INTERNAL",
      "cancel_reason": "",
      "sector_id": 8,
      "responsible_id": 1,
      "vehicle": "VTR-04",
      "team_name": "DELTA",
      "action_type": "A??o educativa",
      "city": "Rio de Janeiro",
      "state": "RJ",
      "requester_entity_type": "",
      "age_ranges": ""
    },
    "created_at": "2026-06-11T16:45:28.373Z"
  }
},
{
  "model": "schedules.agendahistory",
  "pk": 9,
  "fields": {
    "agenda": 9,
    "changed_by": 1,
    "action": "CRIACAO_TESTE_CALENDARIO",
    "snapshot": {
      "title": "A??o social - Centro Comunit?rio",
      "date": "2026-06-17",
      "start_time": "13:30:00",
      "end_time": "15:30:00",
      "location": "Centro Comunit?rio",
      "status": "PENDING",
      "origin": "INTERNAL",
      "cancel_reason": "",
      "sector_id": 9,
      "responsible_id": 1,
      "vehicle": "VTR-05",
      "team_name": "ECHO",
      "action_type": "A??o educativa",
      "city": "Rio de Janeiro",
      "state": "RJ",
      "requester_entity_type": "",
      "age_ranges": ""
    },
    "created_at": "2026-06-11T16:45:28.680Z"
  }
},
{
  "model": "schedules.agendahistory",
  "pk": 10,
  "fields": {
    "agenda": 10,
    "changed_by": 1,
    "action": "CRIACAO_TESTE_CALENDARIO",
    "snapshot": {
      "title": "Palestra para visitantes",
      "date": "2026-06-19",
      "start_time": "09:30:00",
      "end_time": "11:00:00",
      "location": "Audit?rio OLS",
      "status": "APPROVED",
      "origin": "INTERNAL",
      "cancel_reason": "",
      "sector_id": 10,
      "responsible_id": 1,
      "vehicle": "VTR-06",
      "team_name": "FOX",
      "action_type": "A??o educativa",
      "city": "Rio de Janeiro",
      "state": "RJ",
      "requester_entity_type": "",
      "age_ranges": ""
    },
    "created_at": "2026-06-11T16:45:29.021Z"
  }
},
{
  "model": "schedules.agendahistory",
  "pk": 11,
  "fields": {
    "agenda": 11,
    "changed_by": 1,
    "action": "CRIACAO_TESTE_CALENDARIO",
    "snapshot": {
      "title": "Educa??o no tr?nsito - Shopping",
      "date": "2026-06-21",
      "start_time": "15:00:00",
      "end_time": "17:00:00",
      "location": "Shopping Centro",
      "status": "COMPLETED",
      "origin": "INTERNAL",
      "cancel_reason": "",
      "sector_id": 11,
      "responsible_id": 1,
      "vehicle": "VTR-07",
      "team_name": "GOLF",
      "action_type": "A??o educativa",
      "city": "Rio de Janeiro",
      "state": "RJ",
      "requester_entity_type": "",
      "age_ranges": ""
    },
    "created_at": "2026-06-11T16:45:29.362Z"
  }
},
{
  "model": "schedules.agendahistory",
  "pk": 12,
  "fields": {
    "agenda": 12,
    "changed_by": 1,
    "action": "CRIACAO_TESTE_CALENDARIO",
    "snapshot": {
      "title": "Roda de conversa - Empresa parceira",
      "date": "2026-06-24",
      "start_time": "08:00:00",
      "end_time": "09:30:00",
      "location": "Empresa Parceira",
      "status": "APPROVED",
      "origin": "INTERNAL",
      "cancel_reason": "",
      "sector_id": 12,
      "responsible_id": 1,
      "vehicle": "VTR-08",
      "team_name": "HOTEL",
      "action_type": "A??o educativa",
      "city": "Rio de Janeiro",
      "state": "RJ",
      "requester_entity_type": "",
      "age_ranges": ""
    },
    "created_at": "2026-06-11T16:45:29.746Z"
  }
},
{
  "model": "schedules.agendahistory",
  "pk": 13,
  "fields": {
    "agenda": 13,
    "changed_by": 1,
    "action": "SOLICITACAO_INTERNA",
    "snapshot": {
      "title": "Palestra Empresa - lçkl",
      "date": "2026-06-10",
      "start_time": "10:00:00",
      "end_time": "11:00:00",
      "location": "lçkl",
      "status": "PENDING",
      "origin": "INTERNAL",
      "cancel_reason": "",
      "sector_id": 14,
      "responsible_id": 1,
      "vehicle": "",
      "team_name": "",
      "action_type": "Palestra Empresa",
      "city": "Rio de Janeiro",
      "state": "RJ",
      "requester_entity_type": "Empresa Privada",
      "age_ranges": "acima de 18 anos"
    },
    "created_at": "2026-06-12T17:43:37.164Z"
  }
},
{
  "model": "schedules.agendahistory",
  "pk": 14,
  "fields": {
    "agenda": 14,
    "changed_by": 1,
    "action": "SOLICITACAO_INTERNA",
    "snapshot": {
      "title": "Palestra Empresa - teste",
      "date": "2026-06-12",
      "start_time": "10:00:00",
      "end_time": "11:00:00",
      "location": "teste",
      "status": "PENDING",
      "origin": "INTERNAL",
      "cancel_reason": "",
      "sector_id": 14,
      "responsible_id": 1,
      "vehicle": "",
      "team_name": "",
      "action_type": "Palestra Empresa",
      "city": "Rio de Janeiro",
      "state": "RJ",
      "requester_entity_type": "Escola Privada",
      "age_ranges": "09 até 13 anos"
    },
    "created_at": "2026-06-12T19:31:34.038Z"
  }
},
{
  "model": "schedules.agendahistory",
  "pk": 15,
  "fields": {
    "agenda": 15,
    "changed_by": 1,
    "action": "SOLICITACAO_INTERNA",
    "snapshot": {
      "title": "Palestra Empresa - gewg",
      "date": "2026-06-10",
      "start_time": "10:00:00",
      "end_time": "11:00:00",
      "location": "gewg",
      "status": "PENDING",
      "origin": "INTERNAL",
      "cancel_reason": "",
      "sector_id": 14,
      "responsible_id": 1,
      "vehicle": "",
      "team_name": "",
      "action_type": "Palestra Empresa",
      "city": "Rio de Janeiro",
      "state": "RJ",
      "requester_entity_type": "Escola Estadual",
      "age_ranges": "acima de 18 anos"
    },
    "created_at": "2026-06-12T19:44:08.819Z"
  }
},
{
  "model": "schedules.agendahistory",
  "pk": 16,
  "fields": {
    "agenda": 15,
    "changed_by": 1,
    "action": "EMAIL_DATAS_DISPONIVEIS",
    "snapshot": {
      "title": "Palestra Empresa - gewg",
      "date": "2026-06-10",
      "start_time": "14:00:00",
      "end_time": "15:00:00",
      "location": "gewg",
      "status": "APPROVED",
      "origin": "INTERNAL",
      "cancel_reason": "",
      "sector_id": 14,
      "responsible_id": 1,
      "vehicle": "Fiorino – RJO3D88 - Van – TEC0I37 - Ônix – TUC2D95",
      "team_name": "BRAVO",
      "action_type": "Palestra Empresa",
      "city": "Rio de Janeiro",
      "state": "RJ",
      "requester_entity_type": "Escola Estadual",
      "age_ranges": "acima de 18 anos",
      "available_month": "06/2026",
      "available_days": "15/06/2026",
      "email_sent": true,
      "message": "Prezado(a) solicitante,\n\nNão temos disponibilidade para atender na data solicitada. Temos disponibilidade nas seguintes datas: 11/06/2026, 12/06/2026, 15/06/2026, 16/06/2026, 17/06/2026, 18/06/2026.\n\nCaso uma das datas informadas atenda sua necessidade, acesse o link abaixo, altere a data da realização da palestra e reenvie o formulário:\nhttp://localhost:5173/solicitar-agenda/eyJhZ2VuZGEiOjE1fQ:1wY7pJ:dNxMAlV1gtHmiN5W_PHwSovfaTagzN8O50vCsK-pL0A\n\nAtenciosamente,\nSuperintendência da Operação Lei Seca"
    },
    "created_at": "2026-06-12T19:48:05.135Z"
  }
},
{
  "model": "schedules.agendahistory",
  "pk": 17,
  "fields": {
    "agenda": 13,
    "changed_by": 1,
    "action": "STATUS_APPROVED",
    "snapshot": {
      "title": "Palestra Empresa - lçkl",
      "date": "2026-06-10",
      "start_time": "10:00:00",
      "end_time": "11:00:00",
      "location": "lçkl",
      "status": "APPROVED",
      "origin": "INTERNAL",
      "cancel_reason": "",
      "sector_id": 14,
      "responsible_id": 1,
      "vehicle": "Fiorino – RJO3D88 - Van – TEC0I38 - Van – TEC0I37",
      "team_name": "BRAVO",
      "action_type": "Palestra Empresa",
      "city": "Rio de Janeiro",
      "state": "RJ",
      "requester_entity_type": "Empresa Privada",
      "age_ranges": "acima de 18 anos"
    },
    "created_at": "2026-06-15T14:34:08.055Z"
  }
},
{
  "model": "schedules.agendahistory",
  "pk": 18,
  "fields": {
    "agenda": 16,
    "changed_by": 1,
    "action": "CRIACAO_SEED",
    "snapshot": {
      "title": "Reuniao de alinhamento",
      "date": "2026-06-15",
      "start_time": "09:00:00",
      "end_time": "10:00:00",
      "location": "Sala 01",
      "status": "APPROVED",
      "origin": "INTERNAL",
      "cancel_reason": "",
      "sector_id": 15,
      "responsible_id": 2,
      "vehicle": "VTR-01",
      "team_name": "Operações",
      "action_type": "Atividade programada",
      "city": "São Paulo",
      "state": "",
      "requester_entity_type": "",
      "age_ranges": ""
    },
    "created_at": "2026-06-15T14:43:38.580Z"
  }
},
{
  "model": "schedules.agendahistory",
  "pk": 19,
  "fields": {
    "agenda": 17,
    "changed_by": 3,
    "action": "CRIACAO_SEED",
    "snapshot": {
      "title": "Atendimento tecnico",
      "date": "2026-06-15",
      "start_time": "14:00:00",
      "end_time": "15:30:00",
      "location": "Unidade Centro",
      "status": "PENDING",
      "origin": "INTERNAL",
      "cancel_reason": "",
      "sector_id": 2,
      "responsible_id": 3,
      "vehicle": "VTR-01",
      "team_name": "Atendimento",
      "action_type": "Atividade programada",
      "city": "São Paulo",
      "state": "",
      "requester_entity_type": "",
      "age_ranges": ""
    },
    "created_at": "2026-06-15T14:43:38.952Z"
  }
},
{
  "model": "schedules.agendahistory",
  "pk": 20,
  "fields": {
    "agenda": 18,
    "changed_by": 1,
    "action": "CRIACAO_SEED",
    "snapshot": {
      "title": "Escala externa",
      "date": "2026-06-16",
      "start_time": "08:00:00",
      "end_time": "12:00:00",
      "location": "Base Norte",
      "status": "APPROVED",
      "origin": "INTERNAL",
      "cancel_reason": "",
      "sector_id": 3,
      "responsible_id": 2,
      "vehicle": "VTR-01",
      "team_name": "Campo",
      "action_type": "Atividade programada",
      "city": "São Paulo",
      "state": "",
      "requester_entity_type": "",
      "age_ranges": ""
    },
    "created_at": "2026-06-15T14:43:39.315Z"
  }
},
{
  "model": "schedules.agendahistory",
  "pk": 21,
  "fields": {
    "agenda": 19,
    "changed_by": 2,
    "action": "CRIACAO_SEED",
    "snapshot": {
      "title": "Fechamento semanal",
      "date": "2026-06-17",
      "start_time": "16:00:00",
      "end_time": "17:00:00",
      "location": "Sala 02",
      "status": "COMPLETED",
      "origin": "INTERNAL",
      "cancel_reason": "",
      "sector_id": 15,
      "responsible_id": 2,
      "vehicle": "VTR-01",
      "team_name": "Operações",
      "action_type": "Atividade programada",
      "city": "São Paulo",
      "state": "",
      "requester_entity_type": "",
      "age_ranges": ""
    },
    "created_at": "2026-06-15T14:43:39.634Z"
  }
},
{
  "model": "schedules.agendahistory",
  "pk": 22,
  "fields": {
    "agenda": 20,
    "changed_by": 1,
    "action": "SOLICITACAO_INTERNA",
    "snapshot": {
      "title": "Palestra Empresa - Facha",
      "date": "2026-06-18",
      "start_time": "19:15:00",
      "end_time": "20:15:00",
      "location": "Facha",
      "status": "PENDING",
      "origin": "INTERNAL",
      "cancel_reason": "",
      "sector_id": 14,
      "responsible_id": 1,
      "vehicle": "",
      "team_name": "",
      "action_type": "Palestra Empresa",
      "city": "Rio de Janeiro",
      "state": "RJ",
      "requester_entity_type": "Universidade",
      "age_ranges": "acima de 18 anos"
    },
    "created_at": "2026-06-15T19:18:50.422Z"
  }
},
{
  "model": "schedules.agendahistory",
  "pk": 23,
  "fields": {
    "agenda": 20,
    "changed_by": 1,
    "action": "STATUS_CANCELLED",
    "snapshot": {
      "title": "Palestra Empresa - Facha",
      "date": "2026-06-18",
      "start_time": "19:15:00",
      "end_time": "20:15:00",
      "location": "Facha",
      "status": "CANCELLED",
      "origin": "INTERNAL",
      "cancel_reason": "Não tem banheiro",
      "sector_id": 14,
      "responsible_id": 1,
      "vehicle": "",
      "team_name": "",
      "action_type": "Palestra Empresa",
      "city": "Rio de Janeiro",
      "state": "RJ",
      "requester_entity_type": "Universidade",
      "age_ranges": "acima de 18 anos"
    },
    "created_at": "2026-06-15T20:00:58.929Z"
  }
},
{
  "model": "schedules.agendahistory",
  "pk": 24,
  "fields": {
    "agenda": 14,
    "changed_by": 1,
    "action": "ALTERACAO",
    "snapshot": {
      "title": "Palestra Empresa - teste",
      "date": "2026-06-12",
      "start_time": "10:00:00",
      "end_time": "11:00:00",
      "location": "teste",
      "status": "APPROVED",
      "origin": "INTERNAL",
      "cancel_reason": "",
      "sector_id": 14,
      "responsible_id": 1,
      "vehicle": "Fiorino – RJO3D88",
      "team_name": "ALFA",
      "action_type": "Palestra Empresa",
      "city": "Rio de Janeiro",
      "state": "RJ",
      "requester_entity_type": "Escola Privada",
      "age_ranges": "09 até 13 anos"
    },
    "created_at": "2026-06-15T20:04:20.840Z"
  }
},
{
  "model": "schedules.agendahistory",
  "pk": 25,
  "fields": {
    "agenda": 20,
    "changed_by": 1,
    "action": "STATUS_APPROVED",
    "snapshot": {
      "title": "Palestra Empresa - Facha",
      "date": "2026-06-18",
      "start_time": "19:15:00",
      "end_time": "20:15:00",
      "location": "Facha",
      "status": "APPROVED",
      "origin": "INTERNAL",
      "cancel_reason": "Não tem banheiro",
      "sector_id": 14,
      "responsible_id": 1,
      "vehicle": "Van – TEC0I38 - Fiorino – RJO3D88 - Ônix – TTQ5J61",
      "team_name": "DELTA",
      "action_type": "Palestra Empresa",
      "city": "Rio de Janeiro",
      "state": "RJ",
      "requester_entity_type": "Universidade",
      "age_ranges": "acima de 18 anos"
    },
    "created_at": "2026-06-15T20:06:31.583Z"
  }
},
{
  "model": "schedules.agendahistory",
  "pk": 26,
  "fields": {
    "agenda": 20,
    "changed_by": 1,
    "action": "ALTERACAO",
    "snapshot": {
      "title": "Palestra Empresa - Facha",
      "date": "2026-06-18",
      "start_time": "19:15:00",
      "end_time": "20:15:00",
      "location": "Facha",
      "status": "APPROVED",
      "origin": "INTERNAL",
      "cancel_reason": "Não tem banheiro",
      "sector_id": 14,
      "responsible_id": 1,
      "vehicle": "Van – TEC0I38",
      "team_name": "DELTA",
      "action_type": "Palestra Empresa",
      "city": "Rio de Janeiro",
      "state": "RJ",
      "requester_entity_type": "Universidade",
      "age_ranges": "acima de 18 anos"
    },
    "created_at": "2026-06-17T17:00:49.250Z"
  }
},
{
  "model": "schedules.agendamaterial",
  "pk": 1,
  "fields": {
    "agenda": 13,
    "kit": 6,
    "material": null,
    "quantity": 200,
    "position": 1
  }
},
{
  "model": "schedules.agendamaterial",
  "pk": 2,
  "fields": {
    "agenda": 13,
    "kit": 53,
    "material": null,
    "quantity": 49,
    "position": 2
  }
},
{
  "model": "schedules.agendamaterial",
  "pk": 3,
  "fields": {
    "agenda": 13,
    "kit": 52,
    "material": null,
    "quantity": 30,
    "position": 3
  }
},
{
  "model": "schedules.agendamaterial",
  "pk": 7,
  "fields": {
    "agenda": 20,
    "kit": 6,
    "material": null,
    "quantity": 12,
    "position": 1
  }
},
{
  "model": "schedules.agendamaterial",
  "pk": 8,
  "fields": {
    "agenda": 20,
    "kit": 7,
    "material": null,
    "quantity": 10,
    "position": 2
  }
},
{
  "model": "schedules.agendamaterial",
  "pk": 9,
  "fields": {
    "agenda": 20,
    "kit": 34,
    "material": null,
    "quantity": 1,
    "position": 3
  }
},
{
  "model": "schedules.agendamaterial",
  "pk": 10,
  "fields": {
    "agenda": 20,
    "kit": 52,
    "material": null,
    "quantity": 100,
    "position": 4
  }
},
{
  "model": "schedules.satisfactionsurvey",
  "pk": 1,
  "fields": {
    "agenda": 13,
    "report": null,
    "token": "eyJhZ2VuZGEiOjEzLCJyZXBvcnQiOm51bGx9:1wZE5m:3wQDwsmJBUYi0m2LGTOowseGE-jbLblRGI4Vez1EhRg",
    "requester_email": "fabiocunhaosp@gmail.com",
    "team": "BRAVO",
    "chief_name": "ALDOMIR TORRES DE OLIVEIRA",
    "audiovisual_resources": null,
    "speaker_knowledge": null,
    "wheelchair_testimony": null,
    "workshops": null,
    "support_material": null,
    "punctuality": null,
    "team_enthusiasm": null,
    "overall_rating": null,
    "suggestion": "",
    "sent_at": null,
    "answered_at": null,
    "is_approved": false,
    "created_at": "2026-06-15T20:39:34.145Z",
    "updated_at": "2026-06-15T20:39:34.145Z"
  }
},
{
  "model": "schedules.educationgoal",
  "pk": 1,
  "fields": {
    "year": 2026,
    "key": "approach",
    "label": "1 - ABORDADOS",
    "average": 149478,
    "target": 160000,
    "order": 1,
    "is_active": true,
    "created_at": "2026-06-01T20:28:44.696Z",
    "updated_at": "2026-06-01T20:28:44.696Z"
  }
},
{
  "model": "schedules.educationgoal",
  "pk": 2,
  "fields": {
    "year": 2026,
    "key": "approached_lectures",
    "label": "1.1 - ABORDADOS PALESTRAS",
    "average": 29483,
    "target": 40000,
    "order": 2,
    "is_active": true,
    "created_at": "2026-06-01T20:28:44.698Z",
    "updated_at": "2026-06-01T20:28:44.698Z"
  }
},
{
  "model": "schedules.educationgoal",
  "pk": 3,
  "fields": {
    "year": 2026,
    "key": "approached_actions",
    "label": "1.2 - ABORDADOS AÇÕES",
    "average": 120491,
    "target": 120000,
    "order": 3,
    "is_active": true,
    "created_at": "2026-06-01T20:28:44.698Z",
    "updated_at": "2026-06-01T20:28:44.698Z"
  }
},
{
  "model": "schedules.educationgoal",
  "pk": 4,
  "fields": {
    "year": 2026,
    "key": "lectures",
    "label": "2 - PALESTRAS",
    "average": 305,
    "target": 320,
    "order": 4,
    "is_active": true,
    "created_at": "2026-06-01T20:28:44.699Z",
    "updated_at": "2026-06-01T20:28:44.699Z"
  }
},
{
  "model": "schedules.educationgoal",
  "pk": 5,
  "fields": {
    "year": 2026,
    "key": "schools",
    "label": "2.1 - ESCOLAS",
    "average": 176,
    "target": 220,
    "order": 5,
    "is_active": true,
    "created_at": "2026-06-01T20:28:44.699Z",
    "updated_at": "2026-06-01T20:28:44.699Z"
  }
},
{
  "model": "schedules.educationgoal",
  "pk": 6,
  "fields": {
    "year": 2026,
    "key": "universities",
    "label": "2.2 - UNIVERSIDADES",
    "average": 5,
    "target": 5,
    "order": 6,
    "is_active": true,
    "created_at": "2026-06-01T20:28:44.700Z",
    "updated_at": "2026-06-01T20:28:44.700Z"
  }
},
{
  "model": "schedules.educationgoal",
  "pk": 7,
  "fields": {
    "year": 2026,
    "key": "companies",
    "label": "2.3 - EMPRESAS",
    "average": 124,
    "target": 95,
    "order": 7,
    "is_active": true,
    "created_at": "2026-06-01T20:28:44.700Z",
    "updated_at": "2026-06-01T20:28:44.700Z"
  }
},
{
  "model": "schedules.educationgoal",
  "pk": 8,
  "fields": {
    "year": 2026,
    "key": "educational_actions",
    "label": "3 - AÇÕES",
    "average": 1062,
    "target": 1000,
    "order": 8,
    "is_active": true,
    "created_at": "2026-06-01T20:28:44.701Z",
    "updated_at": "2026-06-01T20:28:44.701Z"
  }
},
{
  "model": "schedules.educationgoal",
  "pk": 9,
  "fields": {
    "year": 2026,
    "key": "bars",
    "label": "3.1 - BAR/RESTAURANTE",
    "average": 126,
    "target": 100,
    "order": 9,
    "is_active": true,
    "created_at": "2026-06-01T20:28:44.701Z",
    "updated_at": "2026-06-01T20:28:44.701Z"
  }
},
{
  "model": "schedules.educationgoal",
  "pk": 10,
  "fields": {
    "year": 2026,
    "key": "tolls",
    "label": "3.2 - PEDÁGIO",
    "average": 6,
    "target": 10,
    "order": 10,
    "is_active": true,
    "created_at": "2026-06-01T20:28:44.702Z",
    "updated_at": "2026-06-01T20:28:44.702Z"
  }
},
{
  "model": "schedules.educationgoal",
  "pk": 11,
  "fields": {
    "year": 2026,
    "key": "sports",
    "label": "3.3 - PRAÇA ESPORTIVA",
    "average": 23,
    "target": 20,
    "order": 11,
    "is_active": true,
    "created_at": "2026-06-01T20:28:44.702Z",
    "updated_at": "2026-06-01T20:28:44.702Z"
  }
},
{
  "model": "schedules.educationgoal",
  "pk": 12,
  "fields": {
    "year": 2026,
    "key": "beach",
    "label": "3.4 - PRAIA",
    "average": 34,
    "target": 50,
    "order": 12,
    "is_active": true,
    "created_at": "2026-06-01T20:28:44.703Z",
    "updated_at": "2026-06-01T20:28:44.703Z"
  }
},
{
  "model": "schedules.educationgoal",
  "pk": 13,
  "fields": {
    "year": 2026,
    "key": "events",
    "label": "3.5 - EVENTO",
    "average": 127,
    "target": 120,
    "order": 13,
    "is_active": true,
    "created_at": "2026-06-01T20:28:44.703Z",
    "updated_at": "2026-06-01T20:28:44.703Z"
  }
},
{
  "model": "schedules.educationgoal",
  "pk": 14,
  "fields": {
    "year": 2026,
    "key": "shopping",
    "label": "3.6 - SHOPPING",
    "average": 15,
    "target": 20,
    "order": 14,
    "is_active": true,
    "created_at": "2026-06-01T20:28:44.704Z",
    "updated_at": "2026-06-01T20:28:44.704Z"
  }
},
{
  "model": "schedules.educationgoal",
  "pk": 15,
  "fields": {
    "year": 2026,
    "key": "social_actions",
    "label": "3.7 - AÇÃO SOCIAL",
    "average": 56,
    "target": 50,
    "order": 15,
    "is_active": true,
    "created_at": "2026-06-01T20:28:44.704Z",
    "updated_at": "2026-06-01T20:28:44.704Z"
  }
},
{
  "model": "schedules.educationgoal",
  "pk": 16,
  "fields": {
    "year": 2026,
    "key": "other_actions",
    "label": "3.8 - OUTROS",
    "average": 675,
    "target": 630,
    "order": 16,
    "is_active": true,
    "created_at": "2026-06-01T20:28:44.705Z",
    "updated_at": "2026-06-01T20:28:44.705Z"
  }
},
{
  "model": "schedules.educationgoal",
  "pk": 17,
  "fields": {
    "year": 2026,
    "key": "publicity_materials",
    "label": "4 - MATERIAIS DE DIVULGAÇÃO",
    "average": 1199652,
    "target": 200000,
    "order": 17,
    "is_active": true,
    "created_at": "2026-06-01T20:28:44.705Z",
    "updated_at": "2026-06-01T20:28:44.705Z"
  }
},
{
  "model": "schedules.educationgoal",
  "pk": 18,
  "fields": {
    "year": 2026,
    "key": "distributed_certificates",
    "label": "4.1 - CERTIFICADOS ENTREGUES",
    "average": 3107,
    "target": 5000,
    "order": 18,
    "is_active": true,
    "created_at": "2026-06-01T20:28:44.706Z",
    "updated_at": "2026-06-01T20:28:44.706Z"
  }
},
{
  "model": "schedules.educationgoal",
  "pk": 19,
  "fields": {
    "year": 2026,
    "key": "gibis",
    "label": "4.2 - KIT \"Escolinha Nota 10\"",
    "average": 11539,
    "target": 25000,
    "order": 19,
    "is_active": true,
    "created_at": "2026-06-01T20:28:44.706Z",
    "updated_at": "2026-06-01T20:28:44.706Z"
  }
}
]
